al_#,GWO ID
10.001,GWO.A1
10.028,GWO.A1
10.030,GWO.A3
10.031,GWO.A2
10.047,GWO.K1
10.048,GWO.A3
10.049,GWO.H7
10.051,GWO.A3
10.053,GWO.A3
10.054,GWO.Q3
10.056,GWO.B1
10.069,GWO.Q1
10.072,GWO.Q4
10.087,GWO.I2
10.089,GWO.A3
10.093,GWO.Q6
10.096,GWO.A3
10.097,GWO.Q4
10.098,GWO.A3
10.099,GWO.B1
10.102,GWO.Q3
10.107,GWO.A3
10.108,GWO.A3
10.109,GWO.A3
10.110,GWO.A3
10.111,GWO.A3
10.112,GWO.A3
10.113,GWO.A3
10.116,GWO.A3
10.120,GWO.A3
10.121,GWO.A3
10.123,GWO.A3
10.125,GWO.J3
10.126,GWO.A3
10.127,GWO.A3
10.128,GWO.B1
10.129,GWO.A3
10.130,GWO.A3
10.131,GWO.A3
10.132,GWO.A3
10.133,GWO.A3
10.134,GWO.A3
10.135,GWO.A3
10.139,GWO.A3
10.142,GWO.A3
10.143,GWO.A3
10.144,GWO.A3
10.146,GWO.B2
10.147,GWO.B2
10.148,GWO.A3
10.153,GWO.B3
10.155,GWO.B3
10.156,GWO.B3
10.162,GWO.B3
10.163,GWO.B3
10.164,GWO.B3
10.165,GWO.B4
10.167,GWO.B3
10.170,GWO.B3
10.171,GWO.A3
10.173,GWO.B3
10.174,GWO.B3
10.175,GWO.B3
10.176,GWO.B3
10.177,GWO.B3
10.179,GWO.B3
10.180,GWO.B3
10.181,GWO.F3
10.182,GWO.K2
10.184,GWO.A3
10.185,GWO.K2
10.186,GWO.K1
10.187,GWO.K3
10.188,GWO.K1
10.189,GWO.K1
10.190,GWO.K1
10.191,GWO.A3
10.192,GWO.B3
10.193,GWO.K1
10.194,GWO.K1
10.195,GWO.B3
10.196,GWO.K1
10.200,GWO.A1
10.202,GWO.J1
10.203,GWO.A1
10.205,GWO.A1
10.207,GWO.A1
10.210,GWO.G8
10.212,GWO.H2
10.215,GWO.A2
10.216,GWO.G4
10.217,GWO.G4
10.219,GWO.G13
10.220,GWO.A1
10.221,GWO.G13
10.222,GWO.G13
10.223,GWO.G13
10.225,GWO.K2
10.226,GWO.G9
10.227,GWO.G10
10.228,GWO.H7
10.229,GWO.F3
10.230,GWO.A1
10.232,GWO.A3
10.233,GWO.A1
10.234,GWO.A3
10.236,GWO.B5
10.237,GWO.G9
10.238,GWO.A1
10.239,GWO.C1
10.241,GWO.A1
10.243,GWO.C1
10.244,GWO.K3
10.245,GWO.A1
10.246,GWO.G3
10.247,GWO.A1
10.248,GWO.A1
10.249,GWO.A1
10.250,GWO.A1
10.253,GWO.A1
10.255,GWO.A1
10.271,GWO.A1
10.272,GWO.A1
10.273,GWO.J1
10.274,GWO.A1
10.275,GWO.ND3
10.277,GWO.ND3
10.278,GWO.G5
10.279,GWO.G4
10.280,GWO.L4
10.281,GWO.ND3
10.282,GWO.ND3
10.284,GWO.ND3
10.286,GWO.G1
10.287,GWO.ND3
10.288,GWO.ND3
10.289,GWO.ND3
10.290,GWO.A1
10.291,GWO.A1
10.292,GWO.A1
10.303,GWO.A1
10.304,GWO.K1
10.305,GWO.A1
10.307,GWO.A1
10.308,GWO.G9
10.309,GWO.G11
10.310,GWO.A1
10.311,GWO.A3
10.312,GWO.C1
10.313,GWO.G7
10.318,GWO.G11
10.319,GWO.A3
10.320,GWO.H7
10.322,GWO.G8
10.326,GWO.G11
10.328,GWO.D2
10.329,GWO.H7
10.330,GWO.A1
10.331,GWO.K3
10.332,GWO.A1
10.333,GWO.A1
10.334,GWO.H7
10.336,GWO.H6
10.337,GWO.G1
10.338,GWO.L2
10.339,GWO.A2
10.342,GWO.A2
10.343,GWO.A1
10.350,GWO.H7
10.351,GWO.C1
10.352,GWO.A3
10.376,GWO.B3
10.377,GWO.A3
10.378,GWO.I2
10.380,GWO.K1
10.381,GWO.K1
10.382,GWO.K1
10.383,GWO.A3
10.384,GWO.K1
10.385,GWO.Q3
10.404,GWO.B1
10.405,GWO.M2
10.406,GWO.B1
10.407,GWO.B1
10.410,GWO.M3
10.411,GWO.M2
10.415,GWO.M2
10.417,GWO.M4
10.420,GWO.M3
10.421,GWO.B1
10.427,GWO.M2
10.433,GWO.M4
10.435,GWO.P6
10.438,GWO.M2
10.443,GWO.A3
10.444,GWO.F1
10.446,GWO.C1
10.447,GWO.M4
10.448,GWO.M2
10.449,GWO.B1
10.450,GWO.F2
10.451,GWO.A3
10.460,GWO.A2
10.464,GWO.A3
10.466,GWO.H7
10.467,GWO.H5
10.475,GWO.D2
10.477,GWO.D2
10.479,GWO.D2
10.490,GWO.M2
10.494,GWO.M2
10.495,GWO.M2
10.500,GWO.F2
10.511,GWO.F2
10.512,GWO.A3
10.513,GWO.H7
10.514,GWO.K3
10.515,GWO.Q3
10.516,GWO.L21
10.517,GWO.A3
10.518,GWO.L21
10.519,GWO.H2
10.520,GWO.A3
10.521,GWO.H5
10.522,GWO.K3
10.523,GWO.A3
10.524,GWO.G7
10.525,GWO.L6
10.527,GWO.G8
10.529,GWO.K3
10.531,GWO.A2
10.532,GWO.G3
10.533,GWO.K3
10.535,GWO.K3
10.537,GWO.S1
10.539,GWO.K3
10.540,GWO.L5
10.541,GWO.K3
10.545,GWO.K2
10.551,GWO.K3
10.553,GWO.K3
10.555,GWO.K3
10.556,GWO.K3
10.557,GWO.K3
10.558,GWO.K3
10.559,GWO.K3
10.560,GWO.K3
10.561,GWO.K3
10.565,GWO.K3
10.566,GWO.K3
10.567,GWO.K3
10.568,GWO.K2
10.569,GWO.K3
10.572,GWO.K3
10.574,GWO.G3
10.575,GWO.K1
10.576,GWO.K3
10.577,GWO.S1
10.578,GWO.K3
10.579,GWO.G3
10.580,GWO.K3
10.582,GWO.K3
10.585,GWO.D2
10.587,GWO.S1
10.593,GWO.H7
10.594,GWO.K3
10.600,GWO.A3
10.601,GWO.B3
10.603,GWO.B3
10.604,GWO.B3
10.605,GWO.B3
10.606,GWO.B3
10.608,GWO.K3
10.610,GWO.B3
10.612,GWO.B3
10.613,GWO.IA2
10.615,GWO.A3
10.616,GWO.A3
10.617,GWO.IA5
10.618,GWO.A3
10.619,GWO.B3
10.620,GWO.IA5
10.621,GWO.S1
10.624,GWO.A3
10.645,GWO.K1
10.646,GWO.K3
10.652,GWO.J1
10.664,GWO.Q3
10.665,GWO.Q6
10.666,GWO.Q6
10.674,GWO.B5
10.675,GWO.Q3
10.676,GWO.Q1
10.678,GWO.Q3
10.679,GWO.Q3
10.680,GWO.Q3
10.681,GWO.B5
10.682,GWO.Q3
10.683,GWO.Q2
10.684,GWO.Q3
10.689,GWO.Q1
10.690,GWO.J2
10.691,GWO.Q6
10.693,GWO.Q4
10.694,GWO.Q5
10.697,GWO.Q5
10.698,GWO.Q5
10.699,GWO.Q3
10.700,GWO.A1
10.701,GWO.Q3
10.702,GWO.Q2
10.703,GWO.Q5
10.704,GWO.P2
10.705,GWO.T3
10.706,GWO.Q6
10.707,GWO.J1
10.708,GWO.I2
10.709,GWO.Q3
10.711,GWO.C1
10.712,GWO.Q6
10.714,GWO.J1
10.715,GWO.Q5
10.716,GWO.Q5
10.717,GWO.Q5
10.718,GWO.Q5
10.719,GWO.I2
10.720,GWO.Q5
10.721,GWO.Q4
10.723,GWO.Q3
10.724,GWO.Q5
10.725,GWO.B2
10.726,GWO.C1
10.727,GWO.Q3
10.728,GWO.J3
10.729,GWO.Q3
10.730,GWO.Q3
10.731,GWO.Q3
10.732,GWO.Q5
10.733,GWO.Q3
10.734,GWO.Q3
10.735,GWO.Q3
10.736,GWO.Q3
10.738,GWO.Q3
10.739,GWO.Q3
10.740,GWO.Q3
10.751,GWO.I4
10.752,GWO.C2
10.754,GWO.I2
10.755,GWO.B6
10.757,GWO.I2
10.758,GWO.I4
10.759,GWO.L7
10.760,GWO.L7
10.761,GWO.L7
10.762,GWO.L8
10.763,GWO.L9
10.766,GWO.C1
10.767,GWO.B1
10.768,GWO.B1
10.770,GWO.L7
10.771,GWO.A3
10.777,GWO.C1
10.782,GWO.S1
10.850,GWO.I4
10.851,GWO.C2
10.854,GWO.B6
10.855,GWO.C2
10.858,GWO.I1
10.859,GWO.I1
10.860,GWO.B1
10.862,GWO.L7
10.863,GWO.C2
10.864,GWO.L7
10.865,GWO.I2
10.867,GWO.I2
10.868,GWO.I4
10.870,GWO.B1
10.871,GWO.C1
10.872,GWO.K2
10.874,GWO.L20
10.886,GWO.C2
10.890,GWO.K1
10.902,GWO.Q3
10.903,GWO.Q3
10.904,GWO.Q4
10.905,GWO.Q3
10.907,GWO.Q4
10.912,GWO.Q4
10.913,GWO.A2
10.914,GWO.Q2
10.916,GWO.Q4
10.917,GWO.Q4
10.920,GWO.Q3
10.922,GWO.Q3
10.923,GWO.F1
10.924,GWO.Q3
10.927,GWO.F1
10.928,GWO.Q4
10.929,GWO.Q4
10.930,GWO.J2
10.931,GWO.A2
10.932,GWO.Q2
10.933,GWO.Q4
10.934,GWO.Q1
10.935,GWO.A2
10.936,GWO.A2
10.937,GWO.A2
10.938,GWO.G9
10.939,GWO.A2
10.940,GWO.A3
10.941,GWO.Q2
10.942,GWO.A2
10.943,GWO.Q3
10.944,GWO.Q1
10.945,GWO.Q1
10.950,GWO.A1
10.951,GWO.A1
10.960,GWO.A1
10.961,GWO.S1
10.962,GWO.IA5
10.964,GWO.A3
10.965,GWO.A3
10.967,GWO.A3
10.968,GWO.B1
10.969,GWO.Q1
10.970,GWO.B1
10.971,GWO.B1
10.972,GWO.A3
10.973,GWO.F1
10.976,GWO.A3
10.977,GWO.A3
10.978,GWO.A3
10.979,GWO.A3
10.980,GWO.A3
10.982,GWO.J3
10.983,GWO.A3
10.984,GWO.P6
10.985,GWO.A3
10.986,GWO.A3
10.987,GWO.A3
10.988,GWO.A3
10.989,GWO.A3
10.990,GWO.A3
10.992,GWO.A3
10.996,GWO.H5
10.997,GWO.B3
11.008,GWO.G13
11.011,GWO.S1
11.012,GWO.S1
11.015,GWO.J1
11.016,GWO.S1
11.017,GWO.S1
11.021,GWO.B5
11.023,GWO.H2
11.024,GWO.B5
11.028,GWO.C2
11.029,GWO.C2
11.031,GWO.C2
11.032,GWO.C2
11.033,GWO.C2
11.034,GWO.B2
11.035,GWO.C2
11.036,GWO.C2
11.037,GWO.B1
11.038,GWO.B5
11.039,GWO.B5
11.040,GWO.B6
11.042,GWO.S1
11.043,GWO.S1
11.044,GWO.B5
11.045,GWO.Q2
11.046,GWO.B6
11.047,GWO.S1
11.048,GWO.H6
11.049,GWO.S1
11.053,GWO.S1
11.054,GWO.S1
11.056,GWO.S1
11.057,GWO.G13
11.058,GWO.Q4
11.061,GWO.Q2
11.062,GWO.Q4
11.063,GWO.Q4
11.064,GWO.Q2
11.065,GWO.Q2
11.066,GWO.Q4
11.112,GWO.B3
11.300,GWO.C1
11.302,GWO.C1
11.303,GWO.C1
11.307,GWO.C1
11.312,GWO.C1
11.313,GWO.B2
11.400,GWO.S1
11.402,GWO.T5
11.405,GWO.S1
11.407,GWO.Q2
11.408,GWO.B1
11.413,GWO.D2
11.415,GWO.B1
11.417,GWO.S1
11.419,GWO.Q4
11.420,GWO.Q4
11.427,GWO.B5
11.429,GWO.J1
11.431,GWO.S1
11.432,GWO.S1
11.433,GWO.Q2
11.434,GWO.Q2
11.435,GWO.Q2
11.436,GWO.Q2
11.437,GWO.Q2
11.438,GWO.Q2
11.439,GWO.Q2
11.440,GWO.J1
11.441,GWO.Q2
11.451,GWO.Q2
11.452,GWO.S1
11.454,GWO.Q2
11.455,GWO.J1
11.457,GWO.J1
11.459,GWO.J1
11.463,GWO.Q1
11.467,GWO.H2
11.468,GWO.S1
11.469,GWO.S1
11.472,GWO.J1
11.473,GWO.Q1
11.474,GWO.Q2
11.477,GWO.F2
11.478,GWO.Q2
11.481,GWO.G11
11.482,GWO.Q1
11.483,GWO.Q4
11.553,GWO.IA4
11.601,GWO.S1
11.606,GWO.S1
11.609,GWO.S1
11.611,GWO.B2
11.617,GWO.S1
11.619,GWO.S1
11.620,GWO.S1
11.802,GWO.B2
11.804,GWO.B2
11.805,GWO.B2
11.998,GWO.F2
11.999,GWO.J3
12.002,GWO.ND3
12.003,GWO.ND3
12.005,GWO.Q2
12.006,GWO.G11
12.007,GWO.L18
12.008,GWO.J3
12.010,GWO.Q1
12.012,GWO.Q3
12.015,GWO.IA4
12.016,GWO.T3
12.017,GWO.Q1
12.019,GWO.ND2
12.020,GWO.G12
12.021,GWO.Q3
12.022,GWO.ND3
12.024,GWO.ND3
12.025,GWO.E3
12.026,GWO.F2
12.027,GWO.ND3
12.029,GWO.ND3
12.030,GWO.ND3
12.031,GWO.ND3
12.033,GWO.L13
12.113,GWO.J3
12.114,GWO.B5
12.116,GWO.Q3
12.219,GWO.P6
12.225,GWO.B5
12.300,GWO.ND2
12.330,GWO.G12
12.333,GWO.ND2
12.335,GWO.ND2
12.340,GWO.L17
12.350,GWO.IA3
12.351,GWO.ND2
12.355,GWO.L13
12.357,GWO.ND1
12.360,GWO.F3
12.369,GWO.L3
12.400,GWO.ND3
12.401,GWO.ND3
12.404,GWO.G5
12.420,GWO.L17
12.431,GWO.ND2
12.432,GWO.ND1
12.440,GWO.ND2
12.460,GWO.M2
12.501,GWO.ND3
12.550,GWO.ND3
12.551,GWO.ND3
12.552,GWO.ND3
12.554,GWO.ND3
12.556,GWO.G5
12.558,GWO.G5
12.560,GWO.G13
12.579,GWO.ND1
12.599,GWO.ND3
12.600,GWO.ND3
12.607,GWO.C1
12.610,GWO.ND3
12.614,GWO.ND3
12.617,GWO.ND3
12.618,GWO.ND3
12.630,GWO.ND2
12.631,GWO.H6
12.632,GWO.Q1
12.740,GWO.ND3
12.750,GWO.L17
12.777,GWO.ND3
12.800,GWO.ND2
12.801,GWO.Q6
12.810,GWO.L17
12.840,GWO.ND1
12.901,GWO.G13
12.902,GWO.P12
12.903,GWO.G12
12.905,GWO.P12
12.910,GWO.ND2
12.987,GWO.Q4
14.021,GWO.M4
14.022,GWO.M3
14.023,GWO.M2
14.024,GWO.M4
14.108,GWO.M4
14.110,GWO.M3
14.117,GWO.M3
14.119,GWO.M3
14.122,GWO.M3
14.126,GWO.M2
14.128,GWO.L18
14.129,GWO.M2
14.133,GWO.M3
14.134,GWO.M2
14.135,GWO.M2
14.138,GWO.M2
14.139,GWO.M2
14.142,GWO.M4
14.151,GWO.M2
14.155,GWO.M2
14.157,GWO.M2
14.162,GWO.M3
14.169,GWO.N2
14.171,GWO.M4
14.181,GWO.M2
14.183,GWO.N3
14.188,GWO.M2
14.191,GWO.L10
14.195,GWO.M2
14.198,GWO.M3
14.218,GWO.C1
14.225,GWO.C1
14.228,GWO.C1
14.231,GWO.M1
14.233,GWO.F2
14.239,GWO.M2
14.241,GWO.M2
14.246,GWO.C1
14.247,GWO.M3
14.248,GWO.C1
14.249,GWO.M2
14.250,GWO.C1
14.251,GWO.C1
14.252,GWO.C1
14.256,GWO.C1
14.259,GWO.M2
14.261,GWO.M1
14.265,GWO.C1
14.267,GWO.M1
14.269,GWO.F2
14.272,GWO.F2
14.275,GWO.M2
14.276,GWO.M1
14.277,GWO.M1
14.278,GWO.M4
14.311,GWO.M3
14.313,GWO.M2
14.316,GWO.M2
14.322,GWO.M2
14.326,GWO.M2
14.327,GWO.M2
14.401,GWO.P6
14.416,GWO.M2
14.417,GWO.M2
14.418,GWO.M2
14.506,GWO.M2
14.536,GWO.M2
14.537,GWO.M1
14.850,GWO.M2
14.856,GWO.M4
14.862,GWO.C1
14.865,GWO.M3
14.866,GWO.M4
14.867,GWO.M2
14.869,GWO.M2
14.870,GWO.N2
14.871,GWO.M2
14.872,GWO.M2
14.873,GWO.M2
14.874,GWO.M3
14.878,GWO.M2
14.879,GWO.M2
14.880,GWO.M2
14.881,GWO.M2
14.888,GWO.M4
14.889,GWO.M2
14.892,GWO.M2
14.893,GWO.C1
14.895,GWO.H7
14.896,GWO.N3
14.899,GWO.M1
14.900,GWO.M4
14.901,GWO.M4
14.902,GWO.M4
14.905,GWO.M4
14.906,GWO.M4
14.912,GWO.M4
14.913,GWO.M4
14.914,GWO.M4
14.920,GWO.M4
14.921,GWO.L10
14.922,GWO.M4
15.011,GWO.B6
15.012,GWO.G12
15.013,GWO.H2
15.014,GWO.E6
15.015,GWO.Q3
15.016,GWO.Q3
15.017,GWO.Q3
15.018,GWO.J2
15.019,GWO.H7
15.020,GWO.P7
15.021,GWO.P7
15.022,GWO.P7
15.024,GWO.P7
15.025,GWO.N3
15.026,GWO.H4
15.027,GWO.G8
15.028,GWO.P7
15.029,GWO.P7
15.030,GWO.P7
15.031,GWO.Q5
15.032,GWO.C1
15.033,GWO.T3
15.034,GWO.Q3
15.035,GWO.Q3
15.036,GWO.P7
15.037,GWO.Q4
15.038,GWO.I2
15.040,GWO.M3
15.041,GWO.J3
15.042,GWO.G5
15.043,GWO.G2
15.044,GWO.T3
15.046,GWO.G3
15.047,GWO.G3
15.048,GWO.P7
15.051,GWO.Q2
15.052,GWO.P7
15.053,GWO.P7
15.057,GWO.Q3
15.058,GWO.G9
15.059,GWO.G7
15.060,GWO.H7
15.061,GWO.H7
15.062,GWO.G3
15.063,GWO.P7
15.065,GWO.P13
15.066,GWO.Q4
15.067,GWO.P7
15.068,GWO.C1
15.069,GWO.Q2
15.070,GWO.H7
15.071,GWO.E3
15.072,GWO.B6
15.073,GWO.S1
15.074,GWO.L9
15.075,GWO.L9
15.076,GWO.L9
15.077,GWO.P13
15.078,GWO.Q4
15.079,GWO.B6
15.081,GWO.C1
15.082,GWO.C1
15.083,GWO.C1
15.084,GWO.Q6
15.087,GWO.Q5
15.088,GWO.F2
15.089,GWO.B6
15.098,GWO.Q3
15.099,GWO.J3
15.108,GWO.H7
15.113,GWO.N3
15.114,GWO.G7
15.130,GWO.G5
15.133,GWO.C1
15.141,GWO.M4
15.144,GWO.L1
15.148,GWO.I2
15.149,GWO.G5
15.150,GWO.G5
15.151,GWO.G5
15.155,GWO.N3
15.156,GWO.F2
15.159,GWO.E6
15.160,GWO.Q5
15.161,GWO.G5
15.162,GWO.P7
15.163,GWO.G3
15.164,GWO.Q1
15.165,GWO.I1
15.166,GWO.P7
15.170,GWO.P7
15.214,GWO.Q3
15.222,GWO.J3
15.224,GWO.E6
15.225,GWO.Q6
15.228,GWO.Q5
15.229,GWO.Q2
15.230,GWO.Q1
15.232,GWO.Q5
15.233,GWO.Q3
15.234,GWO.G3
15.235,GWO.Q3
15.236,GWO.J3
15.237,GWO.Q3
15.239,GWO.Q3
15.241,GWO.P7
15.243,GWO.Q1
15.244,GWO.Q4
15.245,GWO.Q1
15.246,GWO.Q2
15.247,GWO.Q2
15.248,GWO.J1
15.249,GWO.Q3
15.250,GWO.I2
15.252,GWO.J3
15.253,GWO.Q1
15.254,GWO.H7
15.255,GWO.J3
15.257,GWO.J3
15.258,GWO.C1
15.259,GWO.J3
15.406,GWO.Q6
15.407,GWO.E6
15.408,GWO.I2
15.421,GWO.I3
15.423,GWO.I3
15.424,GWO.J1
15.427,GWO.I2
15.429,GWO.GG1
15.430,GWO.GG1
15.431,GWO.GG1
15.432,GWO.GG1
15.433,GWO.GG1
15.434,GWO.GG1
15.435,GWO.GG1
15.436,GWO.GG1
15.437,GWO.GG1
15.438,GWO.GG1
15.439,GWO.GG1
15.440,GWO.GG1
15.441,GWO.J3
15.442,GWO.H2
15.443,GWO.I3
15.444,GWO.I3
15.504,GWO.L9
15.506,GWO.L9
15.507,GWO.Q4
15.508,GWO.Q4
15.509,GWO.Q4
15.510,GWO.L9
15.511,GWO.E6
15.512,GWO.Q2
15.514,GWO.Q4
15.516,GWO.L9
15.517,GWO.Q4
15.518,GWO.L9
15.519,GWO.Q4
15.520,GWO.L9
15.521,GWO.Q4
15.522,GWO.L9
15.524,GWO.Q6
15.525,GWO.L9
15.526,GWO.L9
15.529,GWO.Q4
15.530,GWO.Q4
15.531,GWO.Q4
15.532,GWO.Q2
15.533,GWO.L9
15.535,GWO.Q4
15.538,GWO.Q4
15.539,GWO.L9
15.540,GWO.Q4
15.541,GWO.C1
15.542,GWO.C1
15.543,GWO.Q4
15.544,GWO.Q2
15.546,GWO.H5
15.550,GWO.Q6
15.552,GWO.L9
15.553,GWO.L9
15.554,GWO.Q4
15.555,GWO.Q4
15.556,GWO.Q4
15.557,GWO.Q4
15.558,GWO.L9
15.559,GWO.A2
15.560,GWO.L9
15.563,GWO.Q4
15.564,GWO.Q2
15.565,GWO.Q4
15.566,GWO.Q4
15.567,GWO.Q4
15.569,GWO.H7
15.570,GWO.L9
15.571,GWO.J2
15.572,GWO.A2
15.574,GWO.L9
15.576,GWO.Q4
15.577,GWO.Q4
15.578,GWO.Q4
15.579,GWO.Q4
15.580,GWO.Q4
15.581,GWO.Q4
15.582,GWO.Q4
15.583,GWO.Q4
15.585,GWO.Q4
15.590,GWO.Q4
15.591,GWO.L9
15.592,GWO.Q4
15.605,GWO.Q6
15.608,GWO.Q1
15.611,GWO.Q6
15.614,GWO.Q4
15.615,GWO.Q2
15.616,GWO.J3
15.619,GWO.Q2
15.620,GWO.Q2
15.621,GWO.Q2
15.622,GWO.Q6
15.623,GWO.Q4
15.626,GWO.Q6
15.628,GWO.Q6
15.629,GWO.Q2
15.630,GWO.Q4
15.631,GWO.Q2
15.634,GWO.Q2
15.635,GWO.Q2
15.636,GWO.J1
15.637,GWO.Q1
15.639,GWO.Q2
15.640,GWO.Q2
15.643,GWO.Q2
15.645,GWO.Q2
15.647,GWO.Q2
15.648,GWO.Q4
15.651,GWO.Q2
15.652,GWO.Q2
15.653,GWO.Q6
15.654,GWO.Q6
15.655,GWO.Q1
15.657,GWO.J1
15.658,GWO.J3
15.660,GWO.Q2
15.661,GWO.Q2
15.662,GWO.Q4
15.663,GWO.Q4
15.664,GWO.Q2
15.665,GWO.J1
15.666,GWO.A3
15.667,GWO.Q3
15.669,GWO.Q2
15.670,GWO.Q2
15.671,GWO.J1
15.674,GWO.F2
15.676,GWO.H7
15.677,GWO.F1
15.678,GWO.J1
15.679,GWO.Q2
15.680,GWO.Q2
15.681,GWO.Q1
15.682,GWO.H3
15.683,GWO.Q2
15.684,GWO.J1
15.685,GWO.Q4
15.686,GWO.Q4
15.687,GWO.Q4
15.688,GWO.Q4
15.689,GWO.Q2
15.690,GWO.Q2
15.785,GWO.E6
15.805,GWO.J1
15.807,GWO.F2
15.808,GWO.J1
15.810,GWO.S1
15.812,GWO.Q2
15.814,GWO.J1
15.815,GWO.J1
15.817,GWO.S1
15.818,GWO.F2
15.820,GWO.J1
15.821,GWO.F2
15.828,GWO.S1
15.875,GWO.C1
15.904,GWO.E6
15.916,GWO.Q6
15.921,GWO.Q6
15.922,GWO.E6
15.923,GWO.S1
15.925,GWO.E6
15.926,GWO.E6
15.928,GWO.E6
15.929,GWO.E6
15.930,GWO.Q6
15.931,GWO.H7
15.932,GWO.E6
15.933,GWO.E6
15.935,GWO.Q6
15.938,GWO.E6
15.939,GWO.E6
15.941,GWO.Q6
15.943,GWO.Q6
15.944,GWO.Q1
15.945,GWO.S1
15.946,GWO.E6
15.948,GWO.Q5
15.954,GWO.Q6
15.955,GWO.E6
15.956,GWO.Q6
15.957,GWO.E6
15.958,GWO.E6
15.959,GWO.G3
15.962,GWO.Q4
15.963,GWO.J1
15.964,GWO.E6
15.965,GWO.Q6
15.966,GWO.E6
15.969,GWO.Q5
15.978,GWO.Q6
15.980,GWO.L9
15.981,GWO.L9
15.983,GWO.S1
15.984,GWO.Q2
15.987,GWO.Q3
15.988,GWO.Q6
15.991,GWO.E6
16.001,GWO.P1
16.003,GWO.P4
16.004,GWO.P1
16.015,GWO.P2
16.016,GWO.P3
16.017,GWO.P3
16.021,GWO.P3
16.023,GWO.P3
16.024,GWO.P3
16.025,GWO.P7
16.026,GWO.P4
16.027,GWO.P3
16.028,GWO.P3
16.029,GWO.P4
16.030,GWO.P2
16.031,GWO.P4
16.035,GWO.P3
16.036,GWO.P1
16.037,GWO.P1
16.039,GWO.P4
16.040,GWO.P2
16.041,GWO.P4
16.043,GWO.P5
16.044,GWO.P1
16.045,GWO.P4
16.046,GWO.P4
16.047,GWO.P4
16.048,GWO.P3
16.049,GWO.P4
16.050,GWO.P1
16.051,GWO.P4
16.052,GWO.P4
16.053,GWO.P1
16.054,GWO.P2
16.055,GWO.P7
16.056,GWO.P3
16.058,GWO.P3
16.059,GWO.P7
16.060,GWO.P4
16.061,GWO.P4
16.062,GWO.P3
16.063,GWO.P3
16.064,GWO.P1
16.065,GWO.P2
16.066,GWO.P2
16.067,GWO.P4
16.068,GWO.P4
16.069,GWO.P2
16.070,GWO.P2
16.071,GWO.P4
16.072,GWO.P4
16.073,GWO.P4
16.123,GWO.P4
16.300,GWO.P2
16.301,GWO.P1
16.302,GWO.P2
16.303,GWO.P1
16.304,GWO.P4
16.305,GWO.P4
16.307,GWO.P1
16.308,GWO.P7
16.309,GWO.P4
16.320,GWO.P3
16.321,GWO.P3
16.524,GWO.P3
16.525,GWO.P4
16.526,GWO.P4
16.528,GWO.P4
16.529,GWO.P3
16.540,GWO.P5
16.543,GWO.P2
16.548,GWO.P4
16.550,GWO.P4
16.554,GWO.P2
16.556,GWO.P4
16.557,GWO.P7
16.560,GWO.P4
16.571,GWO.P3
16.575,GWO.P3
16.576,GWO.P3
16.582,GWO.P3
16.583,GWO.P7
16.585,GWO.P5
16.587,GWO.P7
16.588,GWO.P4
16.589,GWO.P3
16.590,GWO.P4
16.593,GWO.P5
16.596,GWO.P7
16.601,GWO.P2
16.602,GWO.P4
16.603,GWO.P2
16.606,GWO.P4
16.607,GWO.P2
16.608,GWO.P7
16.609,GWO.P4
16.610,GWO.P4
16.614,GWO.P2
16.615,GWO.P3
16.710,GWO.P4
16.726,GWO.P4
16.731,GWO.P7
16.734,GWO.P2
16.735,GWO.P4
16.736,GWO.P3
16.738,GWO.P2
16.739,GWO.P4
16.741,GWO.P1
16.742,GWO.P1
16.745,GWO.P2
16.746,GWO.P6
16.750,GWO.P2
16.751,GWO.P4
16.752,GWO.P2
16.753,GWO.P3
16.754,GWO.P2
16.756,GWO.P3
16.757,GWO.P2
16.758,GWO.P2
16.812,GWO.P5
16.813,GWO.P2
16.815,GWO.P7
16.816,GWO.P2
16.817,GWO.P4
16.818,GWO.P4
16.820,GWO.P1
16.823,GWO.P2
16.824,GWO.P2
16.825,GWO.P4
16.827,GWO.P4
16.828,GWO.P4
16.830,GWO.P4
16.831,GWO.P5
16.833,GWO.P1
16.834,GWO.P3
16.835,GWO.P2
16.836,GWO.P6
16.838,GWO.P5
16.839,GWO.P4
16.840,GWO.P4
16.841,GWO.P3
16.842,GWO.P4
16.888,GWO.P4
16.889,GWO.P3
16.922,GWO.P4
17.002,GWO.S1
17.005,GWO.S1
17.207,GWO.H7
17.225,GWO.N3
17.235,GWO.H7
17.245,GWO.H3
17.258,GWO.H7
17.259,GWO.H7
17.261,GWO.H7
17.264,GWO.H7
17.265,GWO.H7
17.268,GWO.H7
17.270,GWO.H3
17.271,GWO.B2
17.273,GWO.P8
17.274,GWO.H7
17.277,GWO.H7
17.278,GWO.H3
17.280,GWO.H7
17.281,GWO.H3
17.285,GWO.H7
17.287,GWO.H7
17.289,GWO.H7
17.290,GWO.H7
17.302,GWO.N3
17.307,GWO.N3
17.310,GWO.N3
17.401,GWO.B4
17.502,GWO.D1
17.503,GWO.D1
17.504,GWO.D1
17.600,GWO.D1
17.603,GWO.D1
17.604,GWO.D1
17.700,GWO.H7
17.701,GWO.H7
17.720,GWO.H7
17.801,GWO.H3
17.805,GWO.H3
19.009,GWO.IA2
19.010,GWO.IA5
19.011,GWO.IA2
19.012,GWO.IA2
19.013,GWO.H7
19.015,GWO.IA2
19.017,GWO.IA4
19.018,GWO.P8
19.019,GWO.P9
19.020,GWO.H7
19.021,GWO.IA4
19.022,GWO.IA2
19.023,GWO.G5
19.024,GWO.G3
19.025,GWO.IA4
19.026,GWO.IA4
19.027,GWO.IA5
19.029,GWO.L12
19.033,GWO.P9
19.035,GWO.P12
19.036,GWO.P4
19.040,GWO.IA4
19.087,GWO.K1
19.108,GWO.B3
19.121,GWO.IA4
19.124,GWO.IA4
19.204,GWO.B3
19.205,GWO.G7
19.207,GWO.G7
19.209,GWO.IA2
19.220,GWO.IA5
19.221,GWO.IA3
19.222,GWO.P9
19.223,GWO.IA4
19.224,GWO.P9
19.225,GWO.IA4
19.300,GWO.IA2
19.301,GWO.IA5
19.303,GWO.IA5
19.317,GWO.ND3
19.322,GWO.IA5
19.334,GWO.IA4
19.345,GWO.IA4
19.400,GWO.IA2
19.401,GWO.IA2
19.402,GWO.IA2
19.408,GWO.IA2
19.415,GWO.IA2
19.421,GWO.H7
19.432,GWO.IA2
19.440,GWO.IA2
19.441,GWO.IA2
19.450,GWO.IA2
19.451,GWO.IA2
19.452,GWO.IA2
19.500,GWO.IA4
19.501,GWO.IA4
19.502,GWO.IA5
19.510,GWO.IA3
19.511,GWO.IA3
19.515,GWO.IA3
19.517,GWO.IA3
19.518,GWO.IA3
19.519,GWO.IA3
19.520,GWO.IA3
19.522,GWO.IA3
19.523,GWO.IA3
19.600,GWO.IA4
19.601,GWO.IA4
19.662,GWO.IA5
19.663,GWO.C2
19.665,GWO.C2
19.666,GWO.IA4
19.701,GWO.P9
19.703,GWO.P2
19.704,GWO.P4
19.705,GWO.P9
19.706,GWO.P9
19.707,GWO.IA4
19.750,GWO.IA4
19.777,GWO.IA4
19.790,GWO.IA4
19.791,GWO.IA4
19.792,GWO.IA4
19.793,GWO.IA4
19.800,GWO.P9
19.801,GWO.IA5
19.808,GWO.IA4
19.878,GWO.IA5
19.888,GWO.P9
19.900,GWO.IA5
19.901,GWO.P9
19.903,GWO.IA4
19.948,GWO.IA4
19.973,GWO.IA4
19.979,GWO.IA4
19.989,GWO.IA5
19.990,GWO.P9
20.106,GWO.T4
20.108,GWO.B5
20.109,GWO.B5
20.111,GWO.H7
20.112,GWO.H7
20.115,GWO.I2
20.116,GWO.T4
20.117,GWO.T4
20.118,GWO.T4
20.200,GWO.T8
20.205,GWO.T3
20.215,GWO.T3
20.218,GWO.T8
20.219,GWO.Q6
20.220,GWO.I4
20.221,GWO.T8
20.223,GWO.T6
20.224,GWO.Q6
20.225,GWO.T8
20.226,GWO.T8
20.227,GWO.T8
20.228,GWO.T3
20.229,GWO.T3
20.232,GWO.T8
20.235,GWO.T8
20.237,GWO.T8
20.240,GWO.P4
20.243,GWO.T8
20.244,GWO.T8
20.245,GWO.T8
20.246,GWO.T8
20.258,GWO.T3
20.259,GWO.T3
20.260,GWO.T3
20.261,GWO.G10
20.262,GWO.T3
20.263,GWO.T3
20.264,GWO.T3
20.265,GWO.J2
20.266,GWO.T2
20.267,GWO.T3
20.268,GWO.J2
20.269,GWO.T3
20.270,GWO.T5
20.271,GWO.T3
20.272,GWO.T8
20.273,GWO.T3
20.274,GWO.T3
20.275,GWO.T6
20.276,GWO.Q2
20.277,GWO.I4
20.278,GWO.T1
20.279,GWO.T3
20.280,GWO.T3
20.281,GWO.E6
20.282,GWO.H7
20.283,GWO.Q2
20.284,GWO.F2
20.285,GWO.T2
20.286,GWO.J2
20.287,GWO.T3
20.288,GWO.T3
20.289,GWO.P7
20.290,GWO.Q1
20.291,GWO.T3
20.293,GWO.G12
20.294,GWO.T3
20.295,GWO.G11
20.296,GWO.H6
20.297,GWO.H2
20.298,GWO.T3
20.299,GWO.T3
20.301,GWO.T2
20.313,GWO.S1
20.314,GWO.T2
20.315,GWO.T2
20.316,GWO.T2
20.317,GWO.T2
20.318,GWO.T2
20.319,GWO.T2
20.320,GWO.T2
20.321,GWO.T2
20.323,GWO.F1
20.324,GWO.T2
20.325,GWO.T2
20.326,GWO.T2
20.327,GWO.T2
20.328,GWO.T2
20.329,GWO.T2
20.330,GWO.T2
20.331,GWO.T2
20.332,GWO.T2
20.333,GWO.T2
20.334,GWO.T2
20.335,GWO.T2
20.337,GWO.T2
20.338,GWO.T2
20.339,GWO.T6
20.340,GWO.T2
20.500,GWO.T6
20.505,GWO.T6
20.507,GWO.T6
20.509,GWO.T6
20.513,GWO.T6
20.516,GWO.T6
20.517,GWO.T6
20.520,GWO.T6
20.521,GWO.T6
20.524,GWO.T7
20.525,GWO.T6
20.526,GWO.T6
20.527,GWO.F1
20.528,GWO.T7
20.529,GWO.T6
20.530,GWO.T6
20.531,GWO.H7
20.532,GWO.T5
20.533,GWO.T6
20.534,GWO.T6
20.535,GWO.T6
20.536,GWO.T6
20.537,GWO.T6
20.538,GWO.T5
20.539,GWO.T5
20.540,GWO.T5
20.541,GWO.T6
20.600,GWO.T8
20.606,GWO.T8
20.607,GWO.T8
20.608,GWO.T8
20.611,GWO.P4
20.614,GWO.T8
20.616,GWO.T8
20.617,GWO.T8
20.618,GWO.T8
20.619,GWO.T8
20.620,GWO.T8
20.621,GWO.T8
20.622,GWO.T8
20.700,GWO.J3
20.701,GWO.T8
20.703,GWO.J3
20.705,GWO.J3
20.706,GWO.J3
20.707,GWO.D1
20.708,GWO.I4
20.709,GWO.J3
20.710,GWO.J3
20.711,GWO.F2
20.712,GWO.J3
20.713,GWO.J3
20.720,GWO.J3
20.721,GWO.J3
20.723,GWO.I3
20.724,GWO.I3
20.725,GWO.J3
20.802,GWO.B1
20.803,GWO.P13
20.806,GWO.G11
20.807,GWO.G11
20.808,GWO.B1
20.812,GWO.B1
20.813,GWO.ND3
20.814,GWO.B1
20.816,GWO.T1
20.817,GWO.I2
20.819,GWO.B5
20.820,GWO.B5
20.821,GWO.H7
20.823,GWO.T1
20.824,GWO.ND3
20.825,GWO.ND3
20.826,GWO.T5
20.901,GWO.C1
20.909,GWO.B5
20.910,GWO.B2
20.930,GWO.C1
20.931,GWO.T1
20.933,GWO.T3
20.934,GWO.T3
20.936,GWO.T1
20.937,GWO.T3
20.938,GWO.T3
20.939,GWO.T8
20.940,GWO.C1
20.941,GWO.T8
20.942,GWO.C1
20.943,GWO.C1
20.944,GWO.T8
20.945,GWO.C1
20.946,GWO.F2
20.947,GWO.S1
20.948,GWO.T3
20.949,GWO.B5
20.950,GWO.B5
20.951,GWO.T3
20.952,GWO.T6
21.006,GWO.N2
21.008,GWO.P6
21.009,GWO.N2
21.011,GWO.M2
21.012,GWO.C1
21.014,GWO.C1
21.015,GWO.C1
21.016,GWO.P4
21.017,GWO.C1
21.018,GWO.B6
21.020,GWO.C1
21.021,GWO.B1
21.023,GWO.M1
21.025,GWO.N3
21.026,GWO.M1
21.027,GWO.F1
21.029,GWO.F1
21.030,GWO.B1
21.031,GWO.B2
21.032,GWO.F1
21.034,GWO.B2
21.035,GWO.C1
23.001,GWO.C1
23.002,GWO.C1
23.003,GWO.T3
23.009,GWO.C1
23.011,GWO.C1
31.007,GWO.B3
32.002,GWO.C2
32.003,GWO.C2
32.004,GWO.C2
32.005,GWO.C2
32.006,GWO.L18
32.007,GWO.L20
32.008,GWO.C2
32.009,GWO.C2
32.010,GWO.P12
32.011,GWO.C2
32.012,GWO.P12
38.006,GWO.B5
38.009,GWO.B5
39.002,GWO.GG3
39.003,GWO.GG3
39.007,GWO.GG3
42.010,GWO.E5
42.011,GWO.E5
43.001,GWO.S1
43.002,GWO.S1
43.003,GWO.S1
43.007,GWO.B5
43.008,GWO.H6
43.009,GWO.S1
43.012,GWO.B5
43.014,GWO.S1
43.015,GWO.H6
43.016,GWO.S1
44.002,GWO.N2
45.024,GWO.E1
45.025,GWO.E1
45.031,GWO.E3
45.032,GWO.H7
45.033,GWO.E3
45.034,GWO.E3
45.035,GWO.E2
45.036,GWO.E1
45.037,GWO.E1
45.129,GWO.E1
45.130,GWO.E5
45.149,GWO.E6
45.160,GWO.E2
45.161,GWO.E2
45.162,GWO.E3
45.163,GWO.G4
45.164,GWO.E1
45.169,GWO.E1
45.201,GWO.E1
45.301,GWO.E5
45.308,GWO.E3
45.309,GWO.E3
45.310,GWO.E5
45.311,GWO.E5
45.312,GWO.E5
45.313,GWO.H7
47.041,GWO.S1
47.049,GWO.S1
47.050,GWO.S1
47.070,GWO.S1
47.074,GWO.S1
47.075,GWO.S1
47.076,GWO.G11
47.078,GWO.S1
47.079,GWO.S1
47.083,GWO.S1
47.084,GWO.S1
54.001,GWO.G9
57.001,GWO.N3
57.006,GWO.N3
59.006,GWO.B2
59.007,GWO.B2
59.008,GWO.F1
59.011,GWO.B1
59.012,GWO.B1
59.016,GWO.B1
59.026,GWO.B2
59.037,GWO.B2
59.041,GWO.B1
59.043,GWO.B2
59.044,GWO.B2
59.046,GWO.B1
59.050,GWO.B2
59.052,GWO.B2
59.053,GWO.B2
59.055,GWO.B2
59.058,GWO.B2
59.059,GWO.B2
59.061,GWO.B2
59.062,GWO.B1
59.065,GWO.B5
59.066,GWO.B2
59.067,GWO.B2
59.069,GWO.H7
59.072,GWO.F1
59.073,GWO.F1
59.075,GWO.F1
59.077,GWO.B2
59.078,GWO.F1
59.079,GWO.B2
64.005,GWO.L22
64.014,GWO.L22
64.015,GWO.L22
64.024,GWO.M1
64.026,GWO.L22
64.028,GWO.G7
64.031,GWO.N3
64.032,GWO.ND1
64.033,GWO.M1
64.034,GWO.L22
64.035,GWO.L22
64.037,GWO.L22
64.039,GWO.L22
64.051,GWO.L22
64.053,GWO.L22
64.054,GWO.L17
64.055,GWO.L22
64.056,GWO.M1
64.057,GWO.L22
64.058,GWO.H3
64.100,GWO.L22
64.101,GWO.N1
64.104,GWO.N3
64.105,GWO.N3
64.106,GWO.M4
64.109,GWO.N3
64.110,GWO.N3
64.114,GWO.M3
64.116,GWO.H3
64.117,GWO.G7
64.118,GWO.M3
64.120,GWO.G7
64.124,GWO.H3
64.125,GWO.H3
64.126,GWO.M3
64.127,GWO.L4
64.128,GWO.H3
64.130,GWO.H3
64.201,GWO.N1
64.202,GWO.N1
64.203,GWO.N1
64.204,GWO.E6
64.205,GWO.N1
64.206,GWO.N1
66.001,GWO.J2
66.032,GWO.M4
66.033,GWO.J2
66.034,GWO.J2
66.037,GWO.J2
66.038,GWO.J2
66.039,GWO.J2
66.040,GWO.J2
66.044,GWO.F2
66.045,GWO.J2
66.046,GWO.J2
66.047,GWO.J2
66.051,GWO.J2
66.121,GWO.Q4
66.123,GWO.Q4
66.124,GWO.Q4
66.125,GWO.Q4
66.126,GWO.Q4
66.129,GWO.Q4
66.130,GWO.Q4
66.202,GWO.J2
66.203,GWO.J2
66.204,GWO.J3
66.305,GWO.J3
66.306,GWO.J2
66.309,GWO.J3
66.312,GWO.J3
66.313,GWO.J3
66.418,GWO.J2
66.419,GWO.J2
66.424,GWO.L9
66.432,GWO.L9
66.433,GWO.J2
66.436,GWO.J2
66.437,GWO.Q4
66.442,GWO.L9
66.443,GWO.L9
66.444,GWO.L9
66.445,GWO.H7
66.446,GWO.J2
66.447,GWO.J2
66.448,GWO.L9
66.454,GWO.Q4
66.456,GWO.Q4
66.458,GWO.J2
66.460,GWO.J2
66.461,GWO.Q4
66.462,GWO.Q4
66.466,GWO.Q4
66.468,GWO.L9
66.469,GWO.Q4
66.472,GWO.J2
66.473,GWO.J2
66.475,GWO.Q4
66.481,GWO.Q4
66.484,GWO.Q4
66.485,GWO.Q4
66.486,GWO.J2
66.487,GWO.Q4
66.488,GWO.L9
66.489,GWO.F2
66.490,GWO.J2
66.491,GWO.F2
66.508,GWO.J2
66.509,GWO.J1
66.510,GWO.J1
66.511,GWO.J1
66.516,GWO.J1
66.518,GWO.J2
66.521,GWO.L9
66.522,GWO.L9
66.600,GWO.J3
66.604,GWO.J3
66.605,GWO.J3
66.608,GWO.J2
66.609,GWO.J3
66.610,GWO.J1
66.611,GWO.J1
66.614,GWO.J3
66.615,GWO.J2
66.616,GWO.J2
66.700,GWO.J3
66.701,GWO.J3
66.707,GWO.J3
66.708,GWO.J3
66.714,GWO.A2
66.716,GWO.J2
66.717,GWO.J3
66.720,GWO.D1
66.722,GWO.H7
66.801,GWO.J3
66.802,GWO.J3
66.804,GWO.J3
66.805,GWO.J3
66.806,GWO.J3
66.808,GWO.L8
66.809,GWO.J3
66.812,GWO.J3
66.813,GWO.J3
66.814,GWO.J3
66.815,GWO.H3
66.816,GWO.J3
66.817,GWO.J3
66.818,GWO.J3
66.820,GWO.J3
66.920,GWO.L8
66.921,GWO.L8
66.926,GWO.J3
66.931,GWO.J3
66.950,GWO.G4
66.951,GWO.G4
66.956,GWO.J2
66.957,GWO.J2
66.958,GWO.J2
66.959,GWO.J2
66.960,GWO.J2
66.961,GWO.J3
66.962,GWO.Q4
66.964,GWO.Q4
66.965,GWO.J3
77.007,GWO.G11
77.008,GWO.G7
77.009,GWO.I3
81.005,GWO.J3
81.008,GWO.I3
81.009,GWO.L18
81.010,GWO.I3
81.012,GWO.S1
81.041,GWO.I3
81.042,GWO.J2
81.049,GWO.S1
81.057,GWO.I3
81.065,GWO.J3
81.086,GWO.I3
81.087,GWO.I3
81.089,GWO.I3
81.092,GWO.J3
81.102,GWO.G12
81.104,GWO.J3
81.106,GWO.J3
81.108,GWO.J3
81.112,GWO.ND2
81.113,GWO.ND2
81.117,GWO.I2
81.119,GWO.I2
81.121,GWO.I3
81.122,GWO.I4
81.123,GWO.ND2
81.124,GWO.ND2
81.126,GWO.B5
81.128,GWO.I2
81.135,GWO.I3
81.136,GWO.J3
81.137,GWO.H6
81.138,GWO.I4
81.140,GWO.F2
81.180,GWO.F1
81.210,GWO.P9
81.214,GWO.J3
81.250,GWO.I4
81.251,GWO.ND2
81.252,GWO.I3
81.253,GWO.I4
81.254,GWO.I4
81.255,GWO.B5
81.256,GWO.J3
81.258,GWO.J3
81.260,GWO.P2
81.279,GWO.P2
81.281,GWO.H6
81.300,GWO.I4
81.302,GWO.I3
81.505,GWO.P9
81.884,GWO.F2
84.002,GWO.H4
84.004,GWO.G3
84.007,GWO.G7
84.010,GWO.G5
84.011,GWO.G5
84.013,GWO.G5
84.015,GWO.G8
84.016,GWO.G8
84.017,GWO.E5
84.018,GWO.IA2
84.019,GWO.IA2
84.021,GWO.G8
84.022,GWO.IA2
84.027,GWO.G3
84.031,GWO.G8
84.033,GWO.G7
84.040,GWO.G3
84.041,GWO.G3
84.042,GWO.G8
84.044,GWO.G9
84.047,GWO.G9
84.048,GWO.G9
84.051,GWO.H7
84.060,GWO.G5
84.063,GWO.G7
84.066,GWO.G7
84.101,GWO.H7
84.103,GWO.G4
84.116,GWO.G8
84.120,GWO.G11
84.126,GWO.H3
84.129,GWO.L18
84.141,GWO.G5
84.144,GWO.G6
84.145,GWO.G3
84.149,GWO.G8
84.153,GWO.G8
84.160,GWO.L4
84.161,GWO.H3
84.165,GWO.G5
84.173,GWO.G3
84.177,GWO.L4
84.181,GWO.G3
84.184,GWO.G3
84.187,GWO.L4
84.191,GWO.H4
84.196,GWO.G6
84.200,GWO.G7
84.206,GWO.G5
84.215,GWO.G5
84.217,GWO.G9
84.220,GWO.G8
84.229,GWO.G4
84.235,GWO.L4
84.240,GWO.P6
84.245,GWO.G8
84.246,GWO.H7
84.250,GWO.H3
84.259,GWO.H7
84.263,GWO.L18
84.264,GWO.H3
84.268,GWO.G7
84.274,GWO.IA2
84.282,GWO.G6
84.283,GWO.G5
84.287,GWO.G5
84.295,GWO.G5
84.299,GWO.G5
84.305,GWO.G5
84.310,GWO.G3
84.315,GWO.L18
84.323,GWO.G4
84.324,GWO.G5
84.325,GWO.G4
84.326,GWO.G5
84.327,GWO.G3
84.328,GWO.L4
84.329,GWO.G3
84.334,GWO.G5
84.335,GWO.G8
84.336,GWO.G4
84.351,GWO.E2
84.354,GWO.G3
84.356,GWO.E3
84.358,GWO.G5
84.362,GWO.G3
84.365,GWO.G5
84.367,GWO.G5
84.368,GWO.G5
84.369,GWO.G5
84.370,GWO.G5
84.371,GWO.G5
84.372,GWO.G5
84.373,GWO.G3
84.374,GWO.G4
84.379,GWO.G7
84.380,GWO.L4
84.382,GWO.G8
84.403,GWO.G5
84.407,GWO.G8
84.408,GWO.G7
84.411,GWO.G5
84.415,GWO.E3
84.417,GWO.G3
84.421,GWO.L4
84.422,GWO.E3
84.423,GWO.G4
84.424,GWO.G5
84.425,GWO.F3
84.426,GWO.B2
84.428,GWO.G4
84.429,GWO.G5
85.002,GWO.IA5
85.200,GWO.G7
85.400,GWO.G7
85.401,GWO.G7
85.402,GWO.H7
85.750,GWO.IA5
85.751,GWO.IA5
85.752,GWO.IA5
86.001,GWO.N3
87.002,GWO.D2
87.003,GWO.M4
87.004,GWO.IA5
87.005,GWO.IA5
87.006,GWO.IA5
87.051,GWO.F2
87.052,GWO.F2
87.101,GWO.IA5
89.001,GWO.E5
89.003,GWO.E6
90.003,GWO.C1
90.100,GWO.C1
90.199,GWO.C1
90.200,GWO.C1
90.300,GWO.IA2
90.400,GWO.H5
90.401,GWO.P6
90.404,GWO.P6
90.500,GWO.IA4
90.601,GWO.C1
90.705,GWO.C1
90.900,GWO.C1
91.005,GWO.IA4
92.002,GWO.P6
93.007,GWO.L14
93.008,GWO.F3
93.00A,GWO.L2
93.00B,GWO.L6
93.00C,GWO.L3
93.00D,GWO.L3
93.00E,GWO.P7
93.00F,GWO.L6
93.00G,GWO.L6
93.00H,GWO.L6
93.00J,GWO.L10
93.00K,GWO.L11
93.00L,GWO.L18
93.00M,GWO.L12
93.00N,GWO.L14
93.00P,GWO.L18
93.00Q,GWO.L17
93.00R,GWO.L6
93.00S,GWO.L17
93.011,GWO.L18
93.019,GWO.IA2
93.041,GWO.L10
93.042,GWO.L19
93.043,GWO.L10
93.044,GWO.L10
93.045,GWO.K3
93.047,GWO.K3
93.048,GWO.L10
93.051,GWO.L10
93.052,GWO.L10
93.053,GWO.K3
93.054,GWO.L10
93.059,GWO.L18
93.060,GWO.L21
93.061,GWO.L17
93.065,GWO.L17
93.066,GWO.L20
93.067,GWO.L13
93.068,GWO.L17
93.069,GWO.F3
93.070,GWO.F3
93.071,GWO.L21
93.072,GWO.L10
93.073,GWO.L5
93.077,GWO.L17
93.078,GWO.L20
93.079,GWO.L13
93.080,GWO.L12
93.081,GWO.F3
93.083,GWO.L13
93.084,GWO.L13
93.085,GWO.L20
93.086,GWO.N2
93.087,GWO.L2
93.088,GWO.L20
93.089,GWO.F3
93.090,GWO.L2
93.092,GWO.L21
93.097,GWO.L20
93.099,GWO.L13
93.103,GWO.L17
93.104,GWO.L6
93.107,GWO.L18
93.10R,GWO.L17
93.110,GWO.L5
93.113,GWO.L17
93.116,GWO.L13
93.117,GWO.L18
93.118,GWO.L21
93.121,GWO.L17
93.123,GWO.L20
93.124,GWO.L18
93.127,GWO.L20
93.129,GWO.L20
93.130,GWO.L14
93.134,GWO.L14
93.135,GWO.L17
93.136,GWO.L12
93.137,GWO.L14
93.138,GWO.L6
93.140,GWO.H2
93.142,GWO.D1
93.143,GWO.L17
93.145,GWO.L20
93.150,GWO.L6
93.153,GWO.L13
93.155,GWO.L18
93.157,GWO.L18
93.161,GWO.J3
93.162,GWO.L18
93.164,GWO.L18
93.165,GWO.L18
93.172,GWO.L17
93.173,GWO.L17
93.178,GWO.L18
93.184,GWO.L4
93.185,GWO.L17
93.186,GWO.L20
93.187,GWO.H6
93.191,GWO.L18
93.193,GWO.L14
93.197,GWO.L5
93.1CF,GWO.L17
93.1CM,GWO.L17
93.1KF,GWO.L17
93.1RC,GWO.L17
93.1RP,GWO.L17
93.1SB,GWO.L17
93.1T1,GWO.H2
93.1TR,GWO.H2
93.210,GWO.L18
93.213,GWO.L17
93.217,GWO.L14
93.220,GWO.H6
93.223,GWO.L18
93.224,GWO.L14
93.225,GWO.L18
93.226,GWO.L17
93.228,GWO.L18
93.231,GWO.L17
93.233,GWO.L17
93.234,GWO.L20
93.235,GWO.L21
93.236,GWO.L18
93.237,GWO.L12
93.239,GWO.C1
93.240,GWO.J3
93.241,GWO.L18
93.242,GWO.L17
93.243,GWO.L3
93.247,GWO.L18
93.24C,GWO.L17
93.24N,GWO.H2
93.24R,GWO.L17
93.24S,GWO.L17
93.24T,GWO.H2
93.24X,GWO.L17
93.250,GWO.L18
93.251,GWO.L5
93.253,GWO.L18
93.255,GWO.L18
93.257,GWO.L14
93.260,GWO.L20
93.262,GWO.L17
93.264,GWO.L18
93.266,GWO.L18
93.268,GWO.L14
93.269,GWO.F3
93.270,GWO.L13
93.273,GWO.L17
93.276,GWO.L3
93.279,GWO.L17
93.280,GWO.H6
93.283,GWO.L13
93.284,GWO.L18
93.286,GWO.L17
93.288,GWO.L18
93.291,GWO.L18
93.297,GWO.L14
93.300,GWO.L21
93.301,GWO.L18
93.303,GWO.L18
93.304,GWO.L12
93.307,GWO.L17
93.30R,GWO.L17
93.310,GWO.L17
93.313,GWO.L17
93.314,GWO.L18
93.315,GWO.L4
93.316,GWO.F3
93.317,GWO.L13
93.318,GWO.L13
93.319,GWO.L12
93.320,GWO.L5
93.321,GWO.L17
93.322,GWO.L18
93.323,GWO.L13
93.324,GWO.L10
93.325,GWO.L4
93.326,GWO.L18
93.327,GWO.P3
93.332,GWO.L21
93.334,GWO.L10
93.336,GWO.L17
93.340,GWO.P7
93.341,GWO.L17
93.342,GWO.L18
93.343,GWO.L18
93.344,GWO.L14
93.345,GWO.L7
93.346,GWO.L18
93.348,GWO.L12
93.349,GWO.L12
93.350,GWO.L17
93.351,GWO.L17
93.352,GWO.L17
93.353,GWO.L17
93.354,GWO.F3
93.355,GWO.L20
93.356,GWO.F2
93.359,GWO.L18
93.360,GWO.L17
93.361,GWO.L17
93.364,GWO.L18
93.365,GWO.L12
93.366,GWO.L20
93.367,GWO.D2
93.368,GWO.L17
93.369,GWO.L4
93.370,GWO.L17
93.372,GWO.L17
93.376,GWO.L12
93.377,GWO.L12
93.378,GWO.L20
93.382,GWO.L14
93.383,GWO.L14
93.384,GWO.L17
93.386,GWO.F3
93.387,GWO.L12
93.388,GWO.L17
93.391,GWO.F3
93.393,GWO.L17
93.394,GWO.L17
93.395,GWO.L17
93.396,GWO.L17
93.397,GWO.L17
93.398,GWO.H6
93.399,GWO.L17
93.3RC,GWO.L17
93.3RP,GWO.L17
93.3SB,GWO.L17
93.3T1,GWO.H2
93.3TR,GWO.H2
93.421,GWO.L18
93.422,GWO.L17
93.423,GWO.L15
93.426,GWO.L12
93.427,GWO.L12
93.428,GWO.L18
93.429,GWO.F3
93.431,GWO.L12
93.432,GWO.L4
93.433,GWO.L17
93.434,GWO.G1
93.436,GWO.L12
93.438,GWO.F3
93.439,GWO.L12
93.441,GWO.L18
93.444,GWO.L18
93.445,GWO.L17
93.446,GWO.L20
93.450,GWO.F3
93.454,GWO.F3
93.455,GWO.F3
93.456,GWO.L18
93.457,GWO.P11
93.458,GWO.F3
93.459,GWO.F3
93.463,GWO.L17
93.464,GWO.L4
93.465,GWO.L20
93.467,GWO.L18
93.468,GWO.L18
93.469,GWO.L4
93.470,GWO.L18
93.471,GWO.L2
93.472,GWO.L2
93.473,GWO.L17
93.474,GWO.L17
93.476,GWO.L17
93.477,GWO.L18
93.479,GWO.L12
93.480,GWO.B5
93.481,GWO.L18
93.482,GWO.L18
93.483,GWO.H2
93.484,GWO.L18
93.485,GWO.H2
93.486,GWO.K3
93.488,GWO.L13
93.489,GWO.F1
93.490,GWO.L3
93.491,GWO.L18
93.492,GWO.L3
93.493,GWO.L14
93.494,GWO.L13
93.495,GWO.F3
93.496,GWO.P3
93.497,GWO.P3
93.504,GWO.L4
93.516,GWO.L20
93.526,GWO.L18
93.527,GWO.L14
93.530,GWO.L18
93.532,GWO.L6
93.534,GWO.L12
93.543,GWO.L17
93.550,GWO.M1
93.556,GWO.L2
93.557,GWO.M1
93.558,GWO.N3
93.560,GWO.N3
93.563,GWO.N2
93.564,GWO.N2
93.566,GWO.N3
93.567,GWO.N3
93.568,GWO.I1
93.569,GWO.C1
93.570,GWO.C1
93.575,GWO.G1
93.576,GWO.N3
93.579,GWO.N3
93.581,GWO.Q2
93.583,GWO.N3
93.586,GWO.L2
93.587,GWO.E3
93.590,GWO.L2
93.591,GWO.P3
93.592,GWO.P3
93.594,GWO.H7
93.595,GWO.S1
93.596,GWO.G1
93.597,GWO.L2
93.598,GWO.P3
93.599,GWO.G7
93.600,GWO.G2
93.603,GWO.L2
93.604,GWO.P3
93.605,GWO.L2
93.610,GWO.L6
93.612,GWO.C1
93.618,GWO.L4
93.619,GWO.L18
93.620,GWO.L18
93.623,GWO.M1
93.625,GWO.L17
93.630,GWO.L4
93.631,GWO.L4
93.632,GWO.L4
93.634,GWO.L21
93.637,GWO.L17
93.640,GWO.L15
93.642,GWO.L17
93.643,GWO.L2
93.645,GWO.L2
93.647,GWO.S1
93.648,GWO.L2
93.649,GWO.L12
93.652,GWO.L2
93.653,GWO.L14
93.654,GWO.L6
93.658,GWO.L2
93.659,GWO.L1
93.661,GWO.F1
93.665,GWO.L6
93.667,GWO.C1
93.669,GWO.L2
93.670,GWO.L2
93.671,GWO.P3
93.674,GWO.H5
93.675,GWO.L17
93.676,GWO.L1
93.677,GWO.L17
93.678,GWO.L17
93.680,GWO.L18
93.681,GWO.L17
93.682,GWO.L18
93.683,GWO.L12
93.684,GWO.F3
93.686,GWO.L13
93.687,GWO.L3
93.688,GWO.L5
93.689,GWO.L5
93.690,GWO.L18
93.692,GWO.L18
93.693,GWO.L20
93.694,GWO.L14
93.696,GWO.L6
93.698,GWO.L10
93.732,GWO.L18
93.734,GWO.L10
93.746,GWO.L18
93.747,GWO.L10
93.761,GWO.L10
93.762,GWO.L12
93.763,GWO.L20
93.767,GWO.L15
93.770,GWO.L15
93.771,GWO.G3
93.772,GWO.L21
93.773,GWO.L15
93.774,GWO.L15
93.775,GWO.L20
93.777,GWO.L20
93.778,GWO.L15
93.779,GWO.L20
93.787,GWO.L21
93.788,GWO.L3
93.791,GWO.L4
93.796,GWO.L20
93.797,GWO.L5
93.798,GWO.L18
93.799,GWO.L3
93.800,GWO.L12
93.801,GWO.F3
93.809,GWO.L12
93.810,GWO.L12
93.811,GWO.L18
93.816,GWO.L12
93.817,GWO.F3
93.822,GWO.L18
93.823,GWO.F3
93.825,GWO.F3
93.826,GWO.L18
93.828,GWO.L20
93.829,GWO.L6
93.832,GWO.L18
93.833,GWO.L17
93.834,GWO.L13
93.835,GWO.P12
93.836,GWO.L20
93.837,GWO.L17
93.838,GWO.L17
93.839,GWO.L17
93.840,GWO.L17
93.841,GWO.L18
93.842,GWO.L18
93.843,GWO.L4
93.845,GWO.L18
93.846,GWO.L17
93.847,GWO.L17
93.850,GWO.L20
93.851,GWO.L18
93.853,GWO.L17
93.855,GWO.L17
93.858,GWO.L5
93.859,GWO.L17
93.860,GWO.L13
93.865,GWO.L17
93.866,GWO.L17
93.867,GWO.L17
93.869,GWO.L5
93.870,GWO.L5
93.872,GWO.L5
93.873,GWO.L21
93.874,GWO.L18
93.876,GWO.D2
93.877,GWO.L4
93.878,GWO.F3
93.879,GWO.L17
93.884,GWO.L18
93.885,GWO.L16
93.889,GWO.F3
93.892,GWO.L18
93.893,GWO.P11
93.898,GWO.L20
93.899,GWO.L14
93.8AM,GWO.L13
93.8CF,GWO.L17
93.8NB,GWO.L17
93.8RB,GWO.L17
93.8RC,GWO.L17
93.8RP,GWO.L17
93.8SB,GWO.L17
93.8TD,GWO.L17
93.8TH,GWO.L17
93.8TN,GWO.H2
93.8TR,GWO.H2
93.8UV,GWO.L13
93.908,GWO.L18
93.912,GWO.L18
93.913,GWO.L18
93.914,GWO.L12
93.917,GWO.L12
93.918,GWO.L12
93.923,GWO.L18
93.924,GWO.L12
93.925,GWO.L18
93.926,GWO.L5
93.928,GWO.L18
93.932,GWO.L14
93.933,GWO.L17
93.939,GWO.L13
93.940,GWO.L13
93.941,GWO.L13
93.943,GWO.L17
93.944,GWO.L13
93.945,GWO.L12
93.946,GWO.L5
93.947,GWO.L17
93.958,GWO.L6
93.959,GWO.L3
93.965,GWO.L14
93.967,GWO.L18
93.968,GWO.L20
93.969,GWO.L18
93.970,GWO.L14
93.971,GWO.L14
93.972,GWO.L18
93.974,GWO.L20
93.976,GWO.L20
93.977,GWO.L13
93.978,GWO.L20
93.979,GWO.L6
93.981,GWO.L12
93.982,GWO.F3
93.988,GWO.L12
93.989,GWO.L17
93.990,GWO.L21
93.991,GWO.L12
93.994,GWO.L5
93.997,GWO.L6
93.998,GWO.L5
93.AA1,GWO.L3
93.AA2,GWO.L3
93.AA3,GWO.H2
93.AA4,GWO.H2
93.AA5,GWO.L3
93.AA6,GWO.L3
93.AG3,GWO.L17
93.AG4,GWO.H2
93.AG5,GWO.H2
93.AG6,GWO.L17
93.AG7,GWO.B5
93.AG8,GWO.L17
93.AG9,GWO.L17
93.AGC,GWO.L17
93.AGR,GWO.L17
93.AR1,GWO.L17
93.AR3,GWO.H2
93.AR4,GWO.H2
93.AR5,GWO.L17
93.AR6,GWO.L17
93.BZ1,GWO.L17
93.CA1,GWO.L17
93.CA2,GWO.L17
93.CA3,GWO.H2
93.CA4,GWO.H2
93.CA5,GWO.L17
93.CA6,GWO.L17
93.CN1,GWO.L17
93.CRP,GWO.L17
93.DA1,GWO.L3
93.DA2,GWO.L3
93.DA3,GWO.H2
93.DA4,GWO.L3
93.DA5,GWO.L3
93.DA6,GWO.H2
93.DAH,GWO.L3
93.DC1,GWO.L17
93.DC3,GWO.L17
93.DC4,GWO.L17
93.DC5,GWO.H6
93.DC6,GWO.H6
93.DE1,GWO.L17
93.DE2,GWO.L17
93.DE3,GWO.L17
93.DE4,GWO.H2
93.DE5,GWO.H2
93.DE6,GWO.B5
93.DE7,GWO.L17
93.DE8,GWO.L17
93.DSS,GWO.L17
93.EB1,GWO.L17
93.EB2,GWO.L17
93.EB3,GWO.H6
93.EB4,GWO.H6
93.EB5,GWO.L17
93.EB6,GWO.L17
93.ECH,GWO.L17
93.ELR,GWO.H6
93.ES0,GWO.L17
93.ESC,GWO.L17
93.ESF,GWO.H6
93.ESR,GWO.L17
93.ESS,GWO.L17
93.EST,GWO.H6
93.GM1,GWO.L17
93.GM2,GWO.B5
93.GM3,GWO.H6
93.GM4,GWO.L17
93.GM5,GWO.L17
93.GM6,GWO.H6
93.GM7,GWO.L17
93.HAR,GWO.L13
93.HDC,GWO.L17
93.HDD,GWO.H2
93.HDM,GWO.L5
93.HDN,GWO.H2
93.HDR,GWO.L17
93.HDS,GWO.B5
93.HDT,GWO.L17
93.HEA,GWO.L3
93.HG1,GWO.L17
93.HG2,GWO.L17
93.HG3,GWO.L17
93.HG4,GWO.H6
93.HG5,GWO.H6
93.HG6,GWO.B5
93.HL1,GWO.L17
93.HL2,GWO.L17
93.HL3,GWO.B5
93.HL4,GWO.H6
93.HL5,GWO.L17
93.HL6,GWO.L17
93.HL7,GWO.H6
93.KRC,GWO.L17
93.KRP,GWO.L17
93.KRR,GWO.L17
93.KSB,GWO.B5
93.KT1,GWO.L17
93.KTR,GWO.H6
93.KTS,GWO.H6
93.LM1,GWO.L17
93.LM2,GWO.L17
93.LM3,GWO.H6
93.LM4,GWO.H6
93.LM5,GWO.B5
93.LRZ,GWO.H6
93.NNR,GWO.L17
93.NR1,GWO.L17
93.NR2,GWO.H6
93.NR3,GWO.H6
93.NR4,GWO.B5
93.NR5,GWO.L17
93.NR6,GWO.L17
93.NS1,GWO.L17
93.NS2,GWO.B5
93.NS3,GWO.L17
93.NS4,GWO.L17
93.NS5,GWO.H6
93.NS6,GWO.H6
93.SR0,GWO.L17
93.SRP,GWO.L17
93.SRR,GWO.L17
93.SRS,GWO.B5
93.THR,GWO.L17
93.TR1,GWO.L17
93.TR2,GWO.L17
93.TR3,GWO.L17
93.TR4,GWO.L17
93.TR5,GWO.B5
93.TR6,GWO.L17
93.TR7,GWO.L17
93.TR8,GWO.L17
93.UDN,GWO.L17
93.WHR,GWO.L5
93.WTP,GWO.D1
93.WTS,GWO.D1
94.002,GWO.H5
94.003,GWO.H5
94.006,GWO.H5
94.008,GWO.H5
94.011,GWO.G3
94.012,GWO.H5
94.013,GWO.H5
94.014,GWO.H5
94.016,GWO.L10
94.017,GWO.H5
94.020,GWO.H5
94.021,GWO.H5
94.026,GWO.S1
95.001,GWO.P4
95.003,GWO.L3
95.004,GWO.L3
95.005,GWO.L3
95.006,GWO.L3
95.007,GWO.L3
95.010,GWO.L3
96.001,GWO.N3
96.002,GWO.N3
96.004,GWO.N3
96.006,GWO.N3
96.007,GWO.S1
96.008,GWO.H3
96.009,GWO.P6
96.011,GWO.S1
96.012,GWO.S1
96.013,GWO.P6
96.020,GWO.N3
97.005,GWO.F2
97.007,GWO.F2
97.008,GWO.P13
97.010,GWO.E5
97.012,GWO.P2
97.018,GWO.F2
97.022,GWO.F2
97.023,GWO.F2
97.024,GWO.K3
97.025,GWO.F2
97.029,GWO.F2
97.030,GWO.F1
97.032,GWO.F3
97.033,GWO.F1
97.034,GWO.F1
97.036,GWO.F1
97.039,GWO.F2
97.040,GWO.F2
97.041,GWO.F2
97.042,GWO.F2
97.043,GWO.F2
97.044,GWO.F2
97.045,GWO.F2
97.046,GWO.F1
97.047,GWO.F2
97.048,GWO.F1
97.050,GWO.F1
97.052,GWO.F2
97.056,GWO.P13
97.057,GWO.P13
97.061,GWO.ND2
97.062,GWO.G12
97.067,GWO.F2
97.075,GWO.P13
97.076,GWO.P4
97.077,GWO.ND2
97.082,GWO.F2
97.083,GWO.F2
97.088,GWO.F1
97.091,GWO.P13
97.102,GWO.P6
97.106,GWO.F2
97.107,GWO.F2
97.108,GWO.P4
97.111,GWO.F2
97.120,GWO.F2
97.123,GWO.P11
97.127,GWO.P11
97.128,GWO.P12
97.130,GWO.G11
97.131,GWO.F2
97.132,GWO.P4
97.134,GWO.P13
97.135,GWO.T5
97.136,GWO.T5
97.137,GWO.P12
97.138,GWO.F2
97.139,GWO.F2
97.140,GWO.E5
97.141,GWO.P8
97.142,GWO.P1
97.143,GWO.F2
97.144,GWO.F2
97.145,GWO.F2
97.146,GWO.F2
97.147,GWO.F2
97.148,GWO.P12
97.149,GWO.P8
97.150,GWO.F2
97.151,GWO.F2
97.152,GWO.F2
97.153,GWO.F2
97.154,GWO.P8
97.155,GWO.P12
97.156,GWO.P12
97.157,GWO.T7
97.158,GWO.P2
97.160,GWO.P2
97.161,GWO.ND3
98.001,GWO.IA5
98.002,GWO.IA5
98.003,GWO.IA3
98.004,GWO.IA5
98.005,GWO.IA3
98.006,GWO.IA2
98.007,GWO.IA3
98.008,GWO.IA3
98.009,GWO.A2
98.010,GWO.IA3
98.011,GWO.IA5
98.012,GWO.IA2
IN.001,GWO.GG2
TC.001,GWO.N3
TC.002,GWO.N3
TC.003,GWO.N3
TC.004,GWO.B3
TC.005,GWO.B3
TC.006,GWO.B3
TC.007,GWO.B5
TC.008,GWO.B2
TC.009,GWO.I4
TC.010,GWO.I4
TC.011,GWO.I4
TC.012,GWO.I4
TC.013,GWO.N3
TC.014,GWO.I4
TC.015,GWO.I4
TC.016,GWO.I4
TC.017,GWO.B2
TC.018,GWO.I4
TC.019,GWO.I4
TC.020,GWO.B2
TC.021,GWO.I4
TC.022,GWO.I4
TC.023,GWO.I4
TC.024,GWO.I4
TC.025,GWO.B2
TC.026,GWO.I4
TC.027,GWO.I4
TC.028,GWO.I4
TC.029,GWO.I4
TC.030,GWO.I4
TC.031,GWO.B2
TC.032,GWO.I2
TC.034,GWO.I4
TC.035,GWO.I4
TC.036,GWO.M4
TC.037,GWO.I2
TC.038,GWO.I4
TC.039,GWO.I4
TC.040,GWO.B2
TC.041,GWO.B2
TC.042,GWO.L9
TC.043,GWO.B2
TC.044,GWO.B2
TC.045,GWO.E6
TC.046,GWO.I4
TC.047,GWO.Q2
TC.048,GWO.A3
TC.049,GWO.A3
TC.050,GWO.A3
TC.051,GWO.A3
TC.052,GWO.A3
TC.053,GWO.A3
TC.054,GWO.Q3
TC.055,GWO.N3
TC.056,GWO.N3
TC.057,GWO.B2
TC.058,GWO.B2
TC.059,GWO.B2
TC.060,GWO.M3
TC.061,GWO.M2
TC.062,GWO.N3
TC.063,GWO.N3
TC.064,GWO.M2
TC.065,GWO.N3
TC.066,GWO.N3
TC.067,GWO.N3
TC.068,GWO.M2
TC.069,GWO.M2
TC.070,GWO.N3
TC.072,GWO.M2
TC.073,GWO.N3
TC.074,GWO.N3
TC.075,GWO.N3
TC.076,GWO.N3
TC.077,GWO.N3
TC.078,GWO.N3
TC.079,GWO.N3
TC.080,GWO.N3
TC.081,GWO.M2
TC.082,GWO.B2
TC.084,GWO.M2
TC.085,GWO.B2
TC.086,GWO.B2
TC.087,GWO.B2
TC.088,GWO.T1
TC.089,GWO.T1
TC.090,GWO.N3
TC.091,GWO.N3
TC.092,GWO.T1
TC.093,GWO.T6
TC.094,GWO.T6
TC.095,GWO.B2
TC.096,GWO.B2
TC.097,GWO.C1
TC.098,GWO.B2
TC.099,GWO.B2
TC.100,GWO.C1
TC.101,GWO.C1
TC.102,GWO.F1
TC.103,GWO.G7
TC.104,GWO.G7
TC.105,GWO.N3
TC.106,GWO.N3
TC.107,GWO.G7
TC.108,GWO.G3
TC.109,GWO.G3
TC.110,GWO.N3
TC.111,GWO.N3
TC.112,GWO.N3
TC.113,GWO.N3
TC.114,GWO.N3
TC.115,GWO.N3
TC.116,GWO.G3
TC.117,GWO.B2
TC.118,GWO.G1
TC.119,GWO.G1
TC.120,GWO.L1
TC.121,GWO.L1
TC.122,GWO.N3
TC.123,GWO.G1
TC.124,GWO.N3
TC.125,GWO.N3
TC.126,GWO.L1
TC.127,GWO.N3
TC.128,GWO.B2
TC.129,GWO.B2
TC.130,GWO.N3
TC.131,GWO.N3
TC.132,GWO.N3
TC.133,GWO.N3
TC.134,GWO.L18
TC.135,GWO.L15
TC.136,GWO.L15
TC.137,GWO.N3
TC.138,GWO.B2
TC.139,GWO.L14
TC.140,GWO.N3
TC.142,GWO.N3
TC.143,GWO.N3
TC.144,GWO.N3
TC.145,GWO.N3
TC.146,GWO.N3
TC.147,GWO.N3
TC.148,GWO.N3
TC.149,GWO.N3
TC.150,GWO.N3
TC.151,GWO.N3
TC.152,GWO.N3
TC.153,GWO.N3
TC.154,GWO.B2
TC.155,GWO.N3
TC.156,GWO.N3
TC.157,GWO.N3
TC.158,GWO.N3
TC.159,GWO.N3
TC.160,GWO.N3
TC.161,GWO.N3
TC.162,GWO.N3
TC.163,GWO.N3
TC.164,GWO.N3
TC.165,GWO.N3
TC.166,GWO.N3
TC.167,GWO.N3
TC.168,GWO.N3
TC.169,GWO.N3
TC.170,GWO.M2
TC.171,GWO.C1
TC.172,GWO.N3
TC.173,GWO.N3
TC.174,GWO.N3
