al_#,PON ID
10.931,PON.205
10.931,PON.10Q
10.931,PON.6Q
19.777,PON.81
19.777,PON.129
19.777,PON.N56
93.423,PON.N68
10.216,PON.57
10.216,PON.N19
10.227,PON.N22
10.120,PON.75
10.120,PON.N23
10.992,PON.N23
10.992,PON.2A
10.992,PON.1A
93.353,PON.103
93.353,PON.15L
93.353,PON.T125
93.463,PON.15L
93.463,PON.103
93.368,PON.15L
93.372,PON.103
93.372,PON.15L
93.372,PON.T125
93.370,PON.103
93.370,PON.15L
93.370,PON.T125
93.CRP,PON.15L
93.CRP,PON.103
93.CRP,PON.16L
45.032,PON.827
10.967,PON.N23
10.277,PON.11
10.277,PON.852
10.277,PON.853
59.041,PON.866
59.012,PON.866
59.007,PON.865
59.007,PON.869
59.007,PON.868
59.006,PON.869
15.430,PON.2Q
15.430,PON.N11
15.964,PON.T97
93.00R,PON.901
93.00R,PON.896
93.00R,PON.125
93.762,PON.T89
15.099,PON.4J
15.258,PON.11B
15.258,PON.8Q
15.258,PON.826
15.252,PON.4J
15.252,PON.8Q
19.432,PON.910
19.432,PON.8IA
19.421,PON.57
19.421,PON.11IA
19.400,PON.8IA
19.400,PON.N63
19.010,PON.10IA
19.010,PON.6IA
19.401,PON.7IA
19.401,PON.8IA
19.401,PON.N56
19.011,PON.912
19.011,PON.8IA
19.408,PON.8IA
19.408,PON.N56
19.009,PON.8IA
TC.082,PON.868
TC.069,PON.833
10.174,PON.204
10.174,PON.N22
93.968,PON.876
93.464,PON.11
93.843,PON.11
93.432,PON.1L
93.369,PON.179
93.369,PON.1L
93.433,PON.76
93.433,PON.122
93.433,PON.15L
93.118,PON.622
93.118,PON.873
20.228,PON.117
20.228,PON.9C
20.228,PON.T34
93.391,PON.125
15.670,PON.N26
15.670,PON.T125
93.841,PON.125
93.841,PON.876
93.841,PON.N74
TC.160,PON.T91
TC.161,PON.T91
93.00J,PON.125
93.00J,PON.901
93.00J,PON.6L
15.046,PON.144
93.603,PON.98
93.603,PON.182
93.659,PON.182
93.659,PON.98
93.659,PON.145
TC.121,PON.182
TC.121,PON.T91
93.652,PON.98
84.002,PON.619
84.191,PON.103
84.191,PON.619
20.947,PON.T52
TC.038,PON.866
TC.038,PON.N73
11.068,PON.103
11.068,PON.6B
11.068,PON.T121
TC.087,PON.866
TC.087,PON.N73
TC.039,PON.866
TC.039,PON.11E
12.333,PON.827
12.333,PON.1ND
TC.024,PON.866
TC.024,PON.N73
93.247,PON.N74
81.135,PON.65
93.384,PON.15L
20.226,PON.T34
20.226,PON.T35
93.088,PON.65
93.088,PON.103
93.088,PON.876
19.900,PON.5IA
43.002,PON.36
43.002,PON.103
43.002,PON.T121
93.092,PON.853
93.534,PON.871
93.534,PON.16L
32.011,PON.104
32.011,PON.131
32.008,PON.104
14.878,PON.117
14.878,PON.835
19.225,PON.143
19.225,PON.617
15.620,PON.N26
15.620,PON.T125
93.866,PON.103
93.866,PON.15L
93.866,PON.T125
10.291,PON.2A
10.291,PON.N22
10.250,PON.N22
10.332,PON.N22
10.917,PON.5C
10.917,PON.6Q
10.290,PON.2A
10.290,PON.N22
10.001,PON.82
10.001,PON.N22
10.001,PON.N58
10.950,PON.N22
15.572,PON.205
15.572,PON.11Q
10.310,PON.102
10.310,PON.N22
10.310,PON.T125
10.739,PON.7Q
10.739,PON.N27
10.739,PON.N29
10.739,PON.103
10.739,PON.3Q
10.278,PON.194
10.278,PON.N21
10.278,PON.96
10.278,PON.194
10.377,PON.36
10.377,PON.75
15.034,PON.N29
10.113,PON.N23
10.520,PON.75
10.616,PON.204
10.616,PON.N23
15.020,PON.T55
93.484,PON.871
93.484,PON.876
93.484,PON.N74
20.817,PON.10E
20.817,PON.N28
10.282,PON.633
10.282,PON.852
10.282,PON.853
12.801,PON.T69
12.800,PON.1ND
12.800,PON.3ND
12.810,PON.876
12.810,PON.15L
66.001,PON.1J
66.001,PON.2J
20.109,PON.103
20.109,PON.1T
20.111,PON.827
20.116,PON.1T
20.116,PON.T34
20.106,PON.1T
20.117,PON.1T
20.117,PON.T34
20.118,PON.1T
20.118,PON.T34
15.421,PON.10E
15.421,PON.N73
15.643,PON.3Q
10.702,PON.N27
84.356,PON.40
84.356,PON.144
15.013,PON.195
15.013,PON.N16
15.442,PON.195
15.442,PON.N16
10.228,PON.N16
10.228,PON.N21
15.431,PON.9C
15.431,PON.N11
15.636,PON.N28
TC.027,PON.866
TC.027,PON.N73
20.607,PON.65
20.607,PON.159
20.607,PON.T34
93.273,PON.103
93.273,PON.15L
93.273,PON.T125
93.AA5,PON.897
93.AA5,PON.103
93.AA5,PON.15L
93.AA6,PON.897
93.AA6,PON.103
93.AA6,PON.82
93.AA1,PON.897
93.AA1,PON.15L
93.AA1,PON.103
93.AA2,PON.897
93.AA2,PON.36
93.AA2,PON.15L
93.AA3,PON.102
93.AA3,PON.15L
93.AA3,PON.N16
93.AA4,PON.102
93.AA4,PON.15L
93.AA4,PON.N16
10.330,PON.N22
20.533,PON.3T
20.533,PON.T36
93.855,PON.103
93.855,PON.15L
93.855,PON.T125
97.146,PON.50
97.146,PON.827
TC.086,PON.866
TC.034,PON.866
TC.034,PON.10E
64.124,PON.911
66.813,PON.36
66.813,PON.4J
66.813,PON.N28
93.763,PON.30
93.763,PON.142
93.470,PON.11
93.470,PON.30
93.051,PON.11
93.051,PON.30
93.051,PON.142
19.220,PON.N66
15.926,PON.T97
84.422,PON.40
84.422,PON.57
84.422,PON.855
84.250,PON.76
84.250,PON.827
45.031,PON.827
84.274,PON.N56
10.243,PON.14B
10.234,PON.75
10.234,PON.2A
15.082,PON.81
94.020,PON.636
94.020,PON.N17
94.008,PON.82
94.008,PON.636
94.008,PON.N17
94.014,PON.636
94.014,PON.N17
94.026,PON.103
94.026,PON.129
94.026,PON.636
94.011,PON.144
94.011,PON.636
94.011,PON.N17
94.002,PON.22
94.002,PON.636
94.002,PON.N17
94.016,PON.22
94.016,PON.636
94.016,PON.N17
94.017,PON.22
94.017,PON.636
94.017,PON.N17
94.012,PON.82
94.012,PON.636
94.012,PON.N17
94.006,PON.636
94.006,PON.N17
94.003,PON.636
94.003,PON.N17
94.021,PON.131
94.021,PON.636
94.021,PON.N17
94.013,PON.131
94.013,PON.636
94.013,PON.N17
TC.016,PON.866
TC.016,PON.N73
93.341,PON.N68
96.011,PON.65
96.011,PON.T124
10.207,PON.N22
95.004,PON.65
95.004,PON.11IA
95.004,PON.T125
93.876,PON.2L
16.321,PON.59
16.321,PON.861
23.002,PON.104
23.002,PON.117
23.002,PON.208
20.229,PON.117
20.229,PON.9C
20.229,PON.T35
23.003,PON.117
23.003,PON.T35
23.009,PON.117
23.001,PON.104
23.001,PON.117
23.001,PON.208
23.011,PON.8C
11.63A,PON.103
11.63A,PON.T125
11.63A,PON.1S
11.63B,PON.103
11.63B,PON.T121
11.63B,PON.36
11.468,PON.82
11.468,PON.T122
15.557,PON.11Q
10.782,PON.N22
10.782,PON.T125
15.580,PON.11Q
15.580,PON.6Q
15.580,PON.9Q
15.244,PON.11Q
15.244,PON.6Q
93.107,PON.125
93.107,PON.876
93.107,PON.N74
15.542,PON.208
15.542,PON.T55
12.021,PON.N29
10.289,PON.853
10.289,PON.129
10.289,PON.852
11.619,PON.1S
11.619,PON.2S
93.846,PON.103
93.846,PON.15L
93.846,PON.T125
93.AR6,PON.103
93.AR6,PON.15L
93.AR6,PON.T88
93.AR5,PON.103
93.AR5,PON.15L
93.AR5,PON.82
93.AR1,PON.15L
93.AR1,PON.T88
93.AR1,PON.103
93.AR3,PON.102
93.AR3,PON.15L
93.AR3,PON.N16
93.AR4,PON.102
93.AR4,PON.15L
93.AR4,PON.N16
81.012,PON.65
81.012,PON.82
81.012,PON.T120
45.201,PON.155
45.201,PON.T19
84.351,PON.200
15.621,PON.N26
15.621,PON.T125
93.081,PON.103
93.429,PON.50
19.707,PON.10IA
19.792,PON.138
19.792,PON.11IA
19.973,PON.138
19.973,PON.5IA
20.945,PON.81
20.945,PON.8C
TC.120,PON.182
TC.120,PON.T91
20.709,PON.827
20.709,PON.9F
93.604,PON.896
93.604,PON.N37
93.604,PON.N40
93.945,PON.125
93.945,PON.T89
97.044,PON.50
97.044,PON.827
10.859,PON.4E
10.859,PON.6E
10.859,PON.7E
20.910,PON.82
20.910,PON.869
20.814,PON.866
20.814,PON.12B
15.805,PON.912
15.805,PON.N28
15.805,PON.T122
15.027,PON.911
15.027,PON.913
93.997,PON.896
93.997,PON.T73
10.621,PON.N22
10.621,PON.T1
93.469,PON.11
10.280,PON.11
10.280,PON.633
10.280,PON.11
10.280,PON.76
10.280,PON.1A
11.474,PON.2Q
11.474,PON.N26
15.053,PON.T55
84.428,PON.57
93.998,PON.15L
93.998,PON.T99
93.998,PON.11
93.877,PON.11
93.877,PON.872
93.877,PON.N74
64.100,PON.11
64.100,PON.859
20.944,PON.8C
20.944,PON.T34
20.112,PON.827
20.108,PON.103
20.108,PON.1T
20.819,PON.12B
21.021,PON.866
21.021,PON.11C
85.200,PON.195
85.200,PON.912
12.300,PON.1ND
93.623,PON.172
93.623,PON.T73
93.640,PON.N68
12.431,PON.1ND
12.630,PON.36
12.630,PON.102
12.630,PON.1ND
15.928,PON.T18
15.928,PON.T97
15.570,PON.208
15.570,PON.11Q
66.472,PON.2J
66.472,PON.T53
10.311,PON.827
93.979,PON.896
93.979,PON.897
93.979,PON.876
93.336,PON.15L
20.620,PON.103
20.620,PON.T34
15.160,PON.4Q
15.160,PON.5Q
10.593,PON.629
10.593,PON.827
10.376,PON.869
TC.028,PON.866
TC.028,PON.N73
10.867,PON.N73
93.EB6,PON.15L
93.EB6,PON.103
93.EB5,PON.15L
93.EB5,PON.103
93.EB5,PON.N74
93.EB1,PON.15L
93.EB1,PON.16L
93.EB1,PON.103
93.EB2,PON.36
93.EB2,PON.15L
93.EB2,PON.868
93.EB3,PON.102
93.EB3,PON.N16
93.EB3,PON.N19
93.EB4,PON.102
93.EB4,PON.N16
93.EB4,PON.N74
10.378,PON.N73
47.074,PON.102
47.074,PON.195
47.074,PON.T125
10.087,PON.869
10.087,PON.N73
10.312,PON.N22
93.360,PON.15L
93.360,PON.16L
93.388,PON.15L
93.388,PON.16L
93.GM7,PON.102
93.GM7,PON.15L
93.GM7,PON.103
93.GM4,PON.15L
93.GM4,PON.103
93.GM5,PON.15L
93.GM5,PON.T125
93.GM5,PON.103
93.GM1,PON.15L
93.GM1,PON.T125
93.GM1,PON.103
93.GM2,PON.36
93.GM2,PON.15L
93.GM2,PON.868
93.GM3,PON.102
93.GM3,PON.N16
93.GM3,PON.N19
93.GM6,PON.102
93.GM6,PON.N16
93.859,PON.102
93.859,PON.15L
93.859,PON.T125
10.236,PON.36
10.865,PON.N73
10.219,PON.103
10.219,PON.N22
10.736,PON.N29
10.733,PON.N29
10.732,PON.10Q
10.732,PON.4Q
93.073,PON.125
93.073,PON.876
93.073,PON.N74
10.192,PON.1A
10.192,PON.2A
15.075,PON.5C
15.228,PON.4Q
93.958,PON.896
93.959,PON.897
93.839,PON.103
93.839,PON.15L
93.839,PON.T125
93.080,PON.876
93.080,PON.N74
10.232,PON.117
10.232,PON.204
10.232,PON.455
11.058,PON.12B
11.058,PON.103
11.058,PON.N27
38.009,PON.127
38.009,PON.635
97.136,PON.4T
97.012,PON.4T
16.835,PON.N36
10.449,PON.75
10.449,PON.866
15.938,PON.T97
93.BZ1,PON.15L
93.BZ1,PON.103
93.BZ1,PON.896
97.047,PON.50
97.047,PON.7F
20.950,PON.36
20.263,PON.117
20.263,PON.9C
20.263,PON.T35
20.264,PON.117
20.264,PON.9C
20.264,PON.T35
11.015,PON.N28
11.035,PON.104
11.031,PON.104
17.603,PON.1H
17.603,PON.2H
66.815,PON.827
66.815,PON.4J
66.818,PON.4J
66.818,PON.8Q
66.814,PON.4J
66.814,PON.8Q
TC.172,PON.T91
11.024,PON.36
11.024,PON.117
16.607,PON.N36
15.048,PON.T55
19.793,PON.11IA
19.600,PON.11IA
15.423,PON.10E
15.423,PON.N73
15.408,PON.N73
19.108,PON.11IA
19.750,PON.N66
64.101,PON.1N
20.529,PON.T34
20.529,PON.T36
20.526,PON.1J
20.526,PON.T36
10.768,PON.866
84.153,PON.144
84.153,PON.913
11.452,PON.36
11.452,PON.N28
16.817,PON.159
20.824,PON.7ND
11.601,PON.1S
15.432,PON.N11
15.533,PON.208
15.533,PON.7Q
93.396,PON.103
93.396,PON.15L
93.396,PON.T125
93.393,PON.103
93.393,PON.15L
93.393,PON.T125
93.397,PON.103
93.397,PON.15L
93.397,PON.T125
93.399,PON.103
93.399,PON.15L
93.399,PON.T125
93.394,PON.103
93.394,PON.15L
93.394,PON.T125
93.898,PON.876
93.398,PON.N16
93.398,PON.N18
93.398,PON.N19
93.395,PON.103
93.395,PON.15L
93.395,PON.T125
15.660,PON.7Q
15.660,PON.N26
93.834,PON.125
93.834,PON.622
93.834,PON.872
10.326,PON.102
10.326,PON.144
10.326,PON.195
20.317,PON.T35
16.746,PON.10
16.746,PON.829
16.746,PON.N35
20.808,PON.866
20.808,PON.12B
TC.075,PON.T91
TC.076,PON.T91
TC.065,PON.T91
TC.051,PON.1F
TC.043,PON.866
TC.017,PON.866
TC.017,PON.N73
15.083,PON.117
15.083,PON.10C
15.083,PON.9C
21.011,PON.835
93.799,PON.897
TC.046,PON.866
TC.046,PON.N73
20.265,PON.1J
20.265,PON.8Q
93.837,PON.103
93.837,PON.15L
93.837,PON.T125
84.048,PON.909
84.048,PON.910
84.101,PON.827
84.051,PON.827
TC.078,PON.T91
97.102,PON.10
97.102,PON.N38
93.322,PON.125
93.322,PON.15L
93.456,PON.909
93.456,PON.N74
93.885,PON.876
93.885,PON.N70
10.951,PON.N22
93.532,PON.896
93.532,PON.901
93.532,PON.N74
11.478,PON.2Q
11.478,PON.6Q
11.478,PON.N28
93.492,PON.856
93.492,PON.897
93.492,PON.901
93.490,PON.876
93.490,PON.897
93.490,PON.N74
93.967,PON.125
93.967,PON.N74
93.283,PON.125
93.283,PON.622
97.061,PON.50
97.061,PON.1ND
97.061,PON.N52
84.220,PON.144
84.220,PON.913
93.779,PON.876
93.779,PON.T124
93.135,PON.125
93.135,PON.15L
93.135,PON.16L
20.291,PON.T34
20.291,PON.T35
93.157,PON.125
10.523,PON.103
10.523,PON.195
66.490,PON.3J
15.651,PON.827
15.651,PON.N26
15.512,PON.N26
15.564,PON.N26
15.648,PON.208
15.648,PON.11Q
15.648,PON.9Q
15.532,PON.N26
93.696,PON.896
93.599,PON.912
15.943,PON.T69
64.039,PON.861
64.039,PON.N68
19.020,PON.827
84.282,PON.914
97.040,PON.50
97.040,PON.7P
10.196,PON.205
15.930,PON.T69
11.457,PON.N28
93.670,PON.145
93.670,PON.157
93.669,PON.157
10.558,PON.365
10.558,PON.624
84.335,PON.913
84.335,PON.1G
93.575,PON.1G
93.575,PON.2G
93.489,PON.59
93.489,PON.1G
93.596,PON.1G
93.596,PON.2G
TC.142,PON.T91
93.865,PON.103
93.865,PON.15L
93.865,PON.T125
93.HDR,PON.103
93.HDR,PON.15L
93.HDR,PON.T125
93.HDM,PON.101
93.HDM,PON.119
93.HDM,PON.15L
93.HDT,PON.103
93.HDT,PON.15L
93.HDT,PON.T125
93.HDC,PON.183
93.HDC,PON.15L
93.HDC,PON.T125
93.HDD,PON.N16
93.HDD,PON.N18
93.HDD,PON.N19
93.HDN,PON.N16
93.HDN,PON.N18
93.HDN,PON.N19
93.HDS,PON.36
93.HDS,PON.103
93.HDS,PON.T125
10.579,PON.129
10.579,PON.144
10.579,PON.4G
10.541,PON.868
10.541,PON.4G
10.541,PON.T52
93.563,PON.10
93.563,PON.861
93.564,PON.10
93.564,PON.145
93.564,PON.861
93.648,PON.145
93.197,PON.4J
93.197,PON.T89
93.197,PON.T98
16.818,PON.145
16.818,PON.186
16.818,PON.897
16.831,PON.145
16.831,PON.150
16.831,PON.160
10.521,PON.829
10.521,PON.853
93.767,PON.N68
93.255,PON.876
93.255,PON.N74
16.583,PON.157
16.583,PON.T55
93.643,PON.65
11.037,PON.866
11.049,PON.102
11.049,PON.N16
11.042,PON.36
11.042,PON.103
14.889,PON.833
14.889,PON.835
14.892,PON.833
14.892,PON.835
93.068,PON.15L
93.068,PON.T89
97.128,PON.N44
97.010,PON.T18
97.154,PON.N38
12.840,PON.827
12.840,PON.5ND
84.004,PON.144
84.004,PON.5G
81.255,PON.9E
TC.029,PON.866
TC.029,PON.N73
TC.030,PON.866
TC.030,PON.N73
66.051,PON.1J
66.051,PON.6T
66.045,PON.1J
15.616,PON.4J
15.616,PON.T39
66.458,PON.3J
10.288,PON.14L
10.288,PON.5ND
10.288,PON.896
11.431,PON.103
11.431,PON.4F
66.046,PON.1J
93.826,PON.876
93.826,PON.T52
10.539,PON.7
17.307,PON.861
93.965,PON.872
93.965,PON.873
93.965,PON.876
15.630,PON.2Q
15.630,PON.9Q
15.614,PON.9Q
11.419,PON.2Q
11.419,PON.7Q
11.419,PON.N6
11.420,PON.2Q
11.420,PON.6Q
11.420,PON.N28
10.962,PON.204
10.962,PON.827
10.962,PON.N58
93.099,PON.125
93.099,PON.622
10.738,PON.4Q
10.738,PON.N29
10.738,PON.4Q
10.738,PON.3Q
10.679,PON.4Q
10.679,PON.N29
15.669,PON.3Q
15.669,PON.N26
45.035,PON.102
45.035,PON.1E
45.035,PON.T18
12.114,PON.3ND
12.114,PON.3Q
12.114,PON.N28
10.945,PON.3Q
10.945,PON.N27
10.945,PON.205
10.944,PON.3Q
10.944,PON.N27
10.944,PON.205
15.541,PON.208
15.541,PON.T55
15.567,PON.11Q
15.567,PON.6Q
15.510,PON.208
11.436,PON.7Q
15.679,PON.N26
15.679,PON.N42
16.307,PON.127
16.307,PON.12P
20.232,PON.8C
20.232,PON.T34
20.243,PON.827
20.243,PON.T34
20.235,PON.827
20.235,PON.T34
12.225,PON.36
12.225,PON.868
10.194,PON.60
10.193,PON.60
10.051,PON.75
10.051,PON.N23
10.565,PON.365
10.565,PON.455
10.565,PON.624
93.1CF,PON.103
93.1CF,PON.15L
97.023,PON.50
14.259,PON.127
10.863,PON.104
10.863,PON.3C
14.233,PON.49
14.024,PON.835
14.023,PON.835
14.248,PON.117
14.248,PON.1C
14.246,PON.117
14.218,PON.117
14.218,PON.833
14.218,PON.1C
14.225,PON.117
14.225,PON.833
14.225,PON.1C
14.228,PON.117
14.228,PON.833
14.228,PON.1C
21.014,PON.11C
21.020,PON.866
21.020,PON.11C
21.035,PON.11C
44.002,PON.863
97.030,PON.49
12.614,PON.N50
12.610,PON.7ND
12.618,PON.5ND
12.618,PON.N50
12.607,PON.11B
12.003,PON.7ND
10.766,PON.10C
10.766,PON.1C
10.766,PON.3C
10.225,PON.365
10.225,PON.455
10.689,PON.7Q
93.495,PON.125
93.495,PON.N74
93.491,PON.11
93.491,PON.876
12.600,PON.3G
12.600,PON.N50
59.077,PON.635
59.077,PON.866
12.029,PON.7ND
93.00D,PON.897
93.00D,PON.873
93.00D,PON.876
93.137,PON.65
93.137,PON.876
20.534,PON.T36
17.289,PON.827
10.723,PON.N29
10.730,PON.N29
20.711,PON.827
20.711,PON.N6
93.569,PON.826
93.569,PON.829
93.569,PON.T73
93.570,PON.826
93.570,PON.5C
10.708,PON.869
10.708,PON.N73
16.047,PON.159
16.047,PON.T87
93.590,PON.145
16.045,PON.159
16.123,PON.159
20.266,PON.4J
20.266,PON.T34
20.266,PON.T36
15.081,PON.81
17.005,PON.T52
84.368,PON.96
84.368,PON.144
12.556,PON.57
12.556,PON.96
12.556,PON.N21
20.267,PON.5F
20.267,PON.9C
93.474,PON.103
93.474,PON.15L
93.474,PON.T125
93.476,PON.103
93.476,PON.15L
93.476,PON.T125
93.473,PON.103
93.473,PON.15L
93.473,PON.T125
93.480,PON.36
93.480,PON.15L
93.480,PON.T125
93.483,PON.N16
93.483,PON.N18
93.483,PON.N19
93.485,PON.N16
93.485,PON.N18
93.485,PON.N19
93.269,PON.50
66.305,PON.4J
66.305,PON.8Q
10.930,PON.1K
10.930,PON.T39
10.339,PON.1K
10.339,PON.205
84.283,PON.57
84.283,PON.96
84.283,PON.144
93.104,PON.896
16.036,PON.12P
84.371,PON.96
84.371,PON.126
16.838,PON.159
16.838,PON.897
47.070,PON.102
47.070,PON.195
47.070,PON.T120
19.121,PON.138
20.268,PON.1J
20.268,PON.2J
20.268,PON.8Q
20.269,PON.8Q
20.269,PON.T33
20.269,PON.T35
93.493,PON.65
93.493,PON.131
93.493,PON.876
95.010,PON.897
59.059,PON.117
12.599,PON.N50
43.014,PON.T234
11.469,PON.2Q
66.202,PON.3J
66.202,PON.N28
16.753,PON.N37
11.617,PON.T120
11.617,PON.T123
11.617,PON.T125
32.007,PON.104
32.007,PON.876
11.028,PON.104
11.028,PON.827
11.028,PON.3G
12.005,PON.N26
10.342,PON.204
10.342,PON.7Q
10.941,PON.N27
10.942,PON.205
10.942,PON.204
10.942,PON.N22
10.099,PON.75
10.099,PON.866
10.938,PON.205
10.938,PON.10Q
10.938,PON.N27
81.086,PON.103
81.086,PON.10E
10.069,PON.7Q
10.924,PON.N29
16.888,PON.159
16.888,PON.N37
84.403,PON.96
66.700,PON.205
66.700,PON.4J
66.700,PON.8Q
20.325,PON.T34
20.325,PON.T35
20.337,PON.T34
20.337,PON.T35
20.338,PON.T34
20.338,PON.T35
15.021,PON.T55
66.418,PON.3J
20.270,PON.6T
20.812,PON.866
20.812,PON.12B
93.352,PON.1C
93.352,PON.T125
17.504,PON.1H
17.504,PON.2H
10.253,PON.N22
66.965,PON.10Q
66.965,PON.4J
14.267,PON.832
14.267,PON.833
14.267,PON.T73
19.790,PON.11IA
19.515,PON.3IA
19.515,PON.N61
97.045,PON.50
97.045,PON.T2
19.903,PON.138
19.903,PON.11IA
93.332,PON.N68
93.988,PON.876
93.988,PON.T89
93.079,PON.188
93.130,PON.876
93.130,PON.N74
93.946,PON.101
93.946,PON.119
93.946,PON.125
10.475,PON.T1
15.681,PON.10Q
15.681,PON.N26
98.002,PON.127
98.002,PON.N66
15.678,PON.3Q
15.678,PON.T125
15.615,PON.7Q
15.615,PON.N26
15.615,PON.T125
10.500,PON.49
10.500,PON.50
10.703,PON.4Q
10.703,PON.5Q
11.434,PON.N22
11.434,PON.T52
10.705,PON.N29
10.664,PON.N26
10.664,PON.N29
10.202,PON.102
10.202,PON.N28
15.222,PON.4J
15.222,PON.T55
11.405,PON.103
11.405,PON.N28
15.956,PON.T53
15.945,PON.T122
11.472,PON.N22
15.812,PON.N26
15.554,PON.11Q
15.554,PON.3Q
15.554,PON.9Q
93.153,PON.T89
16.073,PON.159
16.072,PON.159
16.068,PON.159
16.068,PON.N36
11.482,PON.2Q
11.482,PON.6Q
11.482,PON.9Q
21.029,PON.2C
21.029,PON.N2
10.130,PON.N23
10.132,PON.N23
21.018,PON.866
21.018,PON.868
21.027,PON.49
21.027,PON.117
12.026,PON.7F
16.602,PON.103
16.602,PON.127
16.603,PON.127
16.603,PON.N36
16.601,PON.N36
20.339,PON.T34
20.339,PON.T35
20.339,PON.T36
11.066,PON.12B
11.066,PON.N27
11.066,PON.65
10.709,PON.3Q
10.709,PON.N29
19.704,PON.159
19.704,PON.11IA
19.704,PON.N35
97.161,PON.5ND
97.161,PON.7ND
97.161,PON.N50
81.260,PON.N36
16.756,PON.10
16.756,PON.145
32.006,PON.876
32.006,PON.T89
20.246,PON.103
20.246,PON.8C
20.246,PON.T34
84.354,PON.3G
TC.123,PON.1G
TC.123,PON.T91
TC.035,PON.866
TC.035,PON.10E
TC.124,PON.179
TC.124,PON.866
TC.136,PON.828
TC.136,PON.860
TC.136,PON.N68
TC.036,PON.834
TC.036,PON.T91
TC.141,PON.T91
TC.109,PON.144
TC.021,PON.866
TC.021,PON.N73
TC.008,PON.866
TC.068,PON.835
TC.068,PON.T91
TC.037,PON.10E
TC.037,PON.T91
TC.098,PON.866
16.051,PON.827
16.051,PON.12P
16.575,PON.N37
16.582,PON.827
16.582,PON.N37
16.576,PON.N37
16.745,PON.827
16.745,PON.N35
16.745,PON.N36
19.703,PON.11IA
19.703,PON.N35
19.703,PON.N36
97.032,PON.49
97.032,PON.896
10.450,PON.7F
10.329,PON.N22
10.329,PON.N23
15.556,PON.208
15.556,PON.5C
15.556,PON.T55
15.224,PON.T97
19.036,PON.N36
19.036,PON.T97
15.159,PON.41
15.159,PON.T19
15.159,PON.T97
15.511,PON.T19
15.511,PON.T97
15.946,PON.T18
19.015,PON.N63
16.016,PON.202
19.035,PON.N45
12.905,PON.195
12.905,PON.N21
97.127,PON.57
97.127,PON.3P
59.079,PON.868
59.079,PON.N44
32.012,PON.103
32.012,PON.N44
11.046,PON.N19
97.155,PON.826
97.155,PON.N16
97.155,PON.N44
81.008,PON.103
81.008,PON.N52
19.665,PON.N45
19.665,PON.N66
19.665,PON.T72
97.076,PON.157
97.076,PON.159
97.076,PON.N40
10.176,PON.2A
10.176,PON.N22
10.053,PON.N23
10.127,PON.75
10.127,PON.N23
84.370,PON.144
84.370,PON.914
87.005,PON.866
87.005,PON.N66
19.303,PON.103
19.303,PON.N58
TC.162,PON.T91
TC.112,PON.T91
TC.137,PON.T91
TC.125,PON.T91
TC.133,PON.872
TC.133,PON.T91
TC.062,PON.833
TC.062,PON.T91
TC.173,PON.T91
TC.063,PON.833
TC.063,PON.T91
TC.105,PON.T91
TC.047,PON.866
TC.047,PON.N26
TC.005,PON.866
TC.005,PON.T72
12.027,PON.N50
81.113,PON.1ND
12.777,PON.N50
12.024,PON.1ND
12.024,PON.5ND
TC.080,PON.T91
TC.053,PON.1F
TC.064,PON.835
TC.174,PON.T91
TC.089,PON.5T
16.548,PON.856
10.874,PON.876
90.200,PON.117
90.200,PON.11B
14.866,PON.833
14.866,PON.834
14.866,PON.835
93.327,PON.629
93.327,PON.N37
93.327,PON.N40
16.058,PON.17P
16.058,PON.N37
93.933,PON.871
93.933,PON.15L
10.858,PON.9E
90.003,PON.10C
90.003,PON.1C
90.003,PON.9C
90.100,PON.10C
90.100,PON.1C
90.100,PON.9C
98.010,PON.3IA
12.116,PON.N29
12.350,PON.3IA
12.558,PON.96
15.088,PON.49
12.632,PON.N27
12.632,PON.N29
12.632,PON.N50
12.033,PON.622
12.033,PON.15L
12.033,PON.5ND
TC.081,PON.833
93.223,PON.131
93.630,PON.11
93.630,PON.179
93.631,PON.11
93.631,PON.179
95.003,PON.82
95.003,PON.129
95.003,PON.131
93.847,PON.103
93.847,PON.15L
93.847,PON.T125
93.KRR,PON.15L
93.KRR,PON.103
93.KRC,PON.15L
93.KRC,PON.103
93.KRC,PON.T88
93.KRP,PON.15L
93.KRP,PON.103
93.KRP,PON.T89
93.KSB,PON.36
93.KSB,PON.15L
93.KSB,PON.868
93.KT1,PON.15L
93.KT1,PON.16L
93.KT1,PON.T88
93.KTR,PON.102
93.KTR,PON.N74
93.KTS,PON.102
93.KTS,PON.N74
66.039,PON.1J
66.040,PON.1J
93.321,PON.103
93.321,PON.15L
93.321,PON.T125
11.036,PON.104
10.444,PON.59
10.444,PON.49
66.473,PON.8Q
84.417,PON.144
93.184,PON.122
93.184,PON.125
17.720,PON.76
17.720,PON.82
17.720,PON.131
84.421,PON.3
84.421,PON.122
93.923,PON.N74
59.008,PON.49
97.088,PON.49
TC.102,PON.59
TC.102,PON.866
97.036,PON.49
97.033,PON.10
97.033,PON.59
97.034,PON.59
97.034,PON.861
11.069,PON.8C
11.069,PON.2S
11.069,PON.50
TC.072,PON.833
TC.072,PON.T91
TC.070,PON.833
TC.070,PON.T91
TC.115,PON.T91
93.286,PON.103
93.286,PON.15L
93.286,PON.T125
20.541,PON.8C
20.541,PON.T35
20.541,PON.T36
10.984,PON.618
39.002,PON.N10
12.440,PON.1ND
10.322,PON.3G
10.322,PON.N21
10.855,PON.104
10.855,PON.876
11.040,PON.117
11.040,PON.826
11.040,PON.11B
TC.140,PON.860
TC.140,PON.T91
16.741,PON.N36
12.022,PON.869
12.022,PON.N50
10.337,PON.5ND
10.337,PON.2G
12.560,PON.N20
12.560,PON.N21
15.089,PON.117
15.089,PON.826
14.313,PON.833
14.313,PON.859
16.834,PON.N37
16.834,PON.N40
15.577,PON.208
39.003,PON.N10
12.008,PON.8Q
66.468,PON.208
66.448,PON.4J
66.448,PON.5C
66.448,PON.N2
20.618,PON.103
20.618,PON.T34
95.005,PON.10
95.005,PON.160
95.005,PON.897
16.046,PON.103
16.046,PON.T52
93.279,PON.103
93.279,PON.15L
93.279,PON.T125
93.DA4,PON.897
93.DA4,PON.103
93.DA4,PON.15L
93.DA5,PON.897
93.DA5,PON.103
93.DA1,PON.897
93.DA1,PON.15L
93.DA1,PON.103
93.DA2,PON.897
93.DA2,PON.36
93.DA2,PON.15L
93.DA3,PON.102
93.DA3,PON.15L
93.DA3,PON.N16
93.DA6,PON.102
93.DA6,PON.15L
93.DA6,PON.N16
93.276,PON.897
15.582,PON.208
15.582,PON.5C
15.582,PON.6Q
93.251,PON.11
93.251,PON.876
93.251,PON.T98
93.314,PON.11
93.314,PON.T52
10.286,PON.T95
10.286,PON.2G
10.286,PON.57
10.286,PON.T95
TC.163,PON.T91
15.073,PON.T122
15.983,PON.103
15.983,PON.T122
15.983,PON.N27
15.807,PON.50
15.807,PON.4F
15.807,PON.T122
97.082,PON.50
97.082,PON.82
97.082,PON.629
12.219,PON.143
12.219,PON.617
19.124,PON.11IA
19.124,PON.5IA
19.124,PON.N66
15.017,PON.42
15.017,PON.T97
15.553,PON.208
93.450,PON.125
93.801,PON.125
93.801,PON.174
19.441,PON.629
19.441,PON.8IA
19.450,PON.N63
19.440,PON.10IA
19.440,PON.11IA
11.307,PON.117
11.307,PON.11B
12.617,PON.5ND
12.617,PON.N50
14.251,PON.1C
11.302,PON.117
11.302,PON.11B
11.303,PON.117
11.303,PON.11B
59.072,PON.49
19.322,PON.117
19.322,PON.T72
16.752,PON.N36
15.875,PON.117
15.875,PON.125
15.875,PON.10C
15.875,PON.3C
14.416,PON.618
14.416,PON.629
14.416,PON.833
93.557,PON.145
93.557,PON.202
93.557,PON.N40
15.151,PON.56
15.151,PON.57
15.151,PON.96
84.429,PON.96
84.429,PON.129
84.196,PON.914
84.411,PON.96
84.411,PON.131
15.959,PON.56
15.959,PON.144
84.305,PON.96
84.305,PON.144
84.425,PON.N2
16.529,PON.N37
19.022,PON.8IA
15.569,PON.827
15.569,PON.11Q
11.481,PON.82
11.481,PON.195
16.751,PON.159
16.738,PON.N36
93.747,PON.58
93.698,PON.58
93.698,PON.616
20.538,PON.6T
81.122,PON.103
81.122,PON.4E
11.062,PON.N27
11.062,PON.T52
11.062,PON.65
10.110,PON.N23
21.030,PON.866
21.030,PON.11C
10.247,PON.N22
10.247,PON.N23
10.121,PON.N23
10.763,PON.208
32.009,PON.104
32.009,PON.144
10.054,PON.N29
15.585,PON.208
15.585,PON.5C
15.585,PON.6Q
97.024,PON.624
97.024,PON.823
10.568,PON.365
10.568,PON.455
10.569,PON.365
10.569,PON.455
10.102,PON.N29
10.973,PON.49
10.973,PON.N23
93.665,PON.896
16.824,PON.N36
10.148,PON.N23
10.980,PON.N23
10.986,PON.N23
10.987,PON.N23
10.404,PON.75
10.404,PON.866
10.404,PON.N23
97.131,PON.50
97.131,PON.827
97.042,PON.50
93.127,PON.125
93.127,PON.876
97.052,PON.50
97.052,PON.1C
16.823,PON.50
16.823,PON.N36
20.271,PON.49
20.271,PON.4J
20.271,PON.9C
10.964,PON.N23
10.979,PON.49
10.979,PON.N23
21.023,PON.834
21.023,PON.835
14.231,PON.832
15.957,PON.T97
93.089,PON.125
93.438,PON.125
10.923,PON.49
10.927,PON.49
10.928,PON.10Q
10.928,PON.5F
93.317,PON.622
93.860,PON.174
93.860,PON.622
10.603,PON.866
10.603,PON.2A
10.603,PON.T72
16.031,PON.159
16.031,PON.18P
TC.118,PON.1G
TC.118,PON.T91
TC.119,PON.1G
TC.129,PON.828
TC.129,PON.872
17.207,PON.826
17.207,PON.829
17.207,PON.2N
93.734,PON.123
93.734,PON.142
93.734,PON.873
TC.096,PON.117
TC.096,PON.866
15.666,PON.N23
15.051,PON.N26
15.657,PON.7Q
15.657,PON.N26
93.686,PON.125
93.686,PON.T88
15.018,PON.1J
15.018,PON.4J
81.128,PON.10E
81.128,PON.9E
81.117,PON.131
81.117,PON.10E
17.310,PON.861
19.027,PON.11IA
19.027,PON.9E
19.027,PON.N66
TC.023,PON.866
TC.023,PON.11E
81.250,PON.T52
TC.022,PON.866
TC.022,PON.N73
93.684,PON.9F
47.041,PON.102
47.041,PON.195
47.041,PON.T121
12.554,PON.5ND
84.365,PON.96
93.087,PON.157
93.087,PON.172
93.878,PON.174
93.458,PON.125
66.522,PON.208
66.522,PON.N28
15.626,PON.T53
20.536,PON.T36
20.513,PON.11
20.513,PON.37
20.513,PON.T36
TC.014,PON.866
TC.014,PON.N73
16.528,PON.N37
10.334,PON.827
93.346,PON.876
93.346,PON.T52
66.616,PON.82
66.616,PON.8Q
19.017,PON.10IA
19.017,PON.14B
19.017,PON.3Q
19.017,PON.5IA
66.951,PON.57
66.203,PON.208
66.203,PON.3J
93.113,PON.103
93.113,PON.15L
93.113,PON.T125
93.ESF,PON.N19
93.ESF,PON.102
93.ESF,PON.N16
93.EST,PON.102
93.EST,PON.N16
93.ES0,PON.15L
93.ES0,PON.T89
93.ES0,PON.103
93.ESC,PON.15L
93.ESC,PON.103
93.ESC,PON.T89
93.ESR,PON.15L
93.ESR,PON.T89
93.ESR,PON.103
93.ESS,PON.36
93.ESS,PON.15L
93.ESS,PON.868
93.ECH,PON.15L
93.ECH,PON.T89
93.ECH,PON.103
66.608,PON.2J
66.608,PON.T52
66.306,PON.4J
66.306,PON.8Q
66.312,PON.82
66.312,PON.4J
66.312,PON.8Q
66.604,PON.4J
66.604,PON.8Q
66.615,PON.4J
66.615,PON.8Q
15.041,PON.8Q
81.005,PON.8Q
81.005,PON.T121
81.214,PON.102
81.214,PON.4J
81.256,PON.N28
66.611,PON.N28
66.600,PON.208
66.600,PON.3J
93.070,PON.125
93.070,PON.2ND
93.070,PON.8Q
15.236,PON.4J
15.236,PON.8Q
10.912,PON.N29
81.104,PON.8Q
20.259,PON.65
20.259,PON.4J
20.259,PON.8Q
11.440,PON.103
11.440,PON.4F
93.943,PON.15L
93.323,PON.125
93.323,PON.622
81.108,PON.102
93.231,PON.15L
93.231,PON.T55
10.519,PON.3G
21.016,PON.159
16.922,PON.159
16.922,PON.12P
87.004,PON.866
87.004,PON.869
87.004,PON.N66
15.539,PON.5C
43.016,PON.82
43.016,PON.102
43.016,PON.T234
19.666,PON.617
19.878,PON.T72
93.434,PON.1G
93.434,PON.2G
14.537,PON.10
14.537,PON.834
93.761,PON.616
93.761,PON.902
TC.013,PON.T91
TC.067,PON.861
TC.073,PON.866
TC.073,PON.T91
TC.012,PON.866
TC.012,PON.N73
TC.041,PON.866
TC.011,PON.866
TC.011,PON.N73
TC.091,PON.T91
TC.001,PON.T91
TC.003,PON.T91
TC.126,PON.98
TC.126,PON.T91
TC.122,PON.T91
TC.130,PON.860
TC.130,PON.T91
TC.113,PON.913
TC.113,PON.T91
TC.169,PON.T91
TC.002,PON.T91
TC.094,PON.9C
TC.093,PON.9C
TC.108,PON.144
TC.108,PON.1C
TC.042,PON.208
TC.042,PON.866
TC.018,PON.866
TC.018,PON.N73
TC.134,PON.876
TC.134,PON.1C
TC.060,PON.833
TC.060,PON.T91
TC.171,PON.1C
TC.061,PON.835
TC.061,PON.T91
TC.110,PON.913
TC.110,PON.T91
TC.084,PON.117
TC.084,PON.866
TC.107,PON.912
TC.170,PON.833
TC.170,PON.T91
TC.059,PON.T91
TC.056,PON.T91
TC.148,PON.T91
TC.066,PON.833
TC.066,PON.T91
TC.156,PON.860
TC.156,PON.T91
TC.155,PON.859
TC.155,PON.T91
TC.127,PON.833
TC.127,PON.T91
TC.146,PON.T91
TC.144,PON.T91
TC.090,PON.T91
TC.103,PON.912
TC.103,PON.T91
TC.166,PON.T91
TC.165,PON.T91
TC.147,PON.T91
TC.020,PON.866
TC.167,PON.T91
TC.168,PON.859
TC.168,PON.T91
TC.145,PON.T91
TC.095,PON.866
TC.055,PON.866
TC.057,PON.866
10.514,PON.85
10.514,PON.824
93.797,PON.119
93.797,PON.N68
TC.048,PON.1F
TC.049,PON.1F
TC.083,PON.868
TC.010,PON.866
TC.010,PON.N73
TC.040,PON.866
TC.009,PON.866
TC.009,PON.N73
TC.044,PON.866
TC.054,PON.N29
TC.007,PON.36
TC.007,PON.866
15.019,PON.826
15.019,PON.4J
15.682,PON.826
15.011,PON.61
15.011,PON.117
15.016,PON.826
15.070,PON.826
15.070,PON.827
15.079,PON.117
15.079,PON.826
43.003,PON.T121
43.003,PON.T234
20.221,PON.8C
20.221,PON.T34
31.007,PON.866
31.007,PON.15B
31.007,PON.T72
19.901,PON.138
19.901,PON.N41
19.901,PON.N42
19.317,PON.5IA
19.317,PON.N42
19.317,PON.65
10.610,PON.866
10.610,PON.T72
10.229,PON.125
10.512,PON.75
93.853,PON.103
93.853,PON.15L
93.853,PON.T125
93.661,PON.49
97.160,PON.8P
97.160,PON.N35
97.160,PON.N36
10.513,PON.3G
10.613,PON.N56
10.613,PON.N58
14.401,PON.618
14.401,PON.833
14.417,PON.618
14.417,PON.833
10.338,PON.145
10.338,PON.129
93.260,PON.183
93.260,PON.827
93.260,PON.N74
93.974,PON.188
93.974,PON.876
93.974,PON.15L
93.217,PON.183
14.896,PON.861
14.896,PON.864
93.077,PON.15L
93.077,PON.T124
93.077,PON.T125
93.678,PON.897
93.678,PON.65
93.678,PON.T89
93.504,PON.11
93.504,PON.125
93.504,PON.876
14.880,PON.182
14.880,PON.833
93.497,PON.202
93.497,PON.832
93.496,PON.157
93.496,PON.202
93.496,PON.832
93.592,PON.87
93.592,PON.202
93.592,PON.N37
93.671,PON.87
93.671,PON.145
93.591,PON.202
93.591,PON.N37
16.067,PON.145
16.067,PON.159
10.913,PON.N29
10.525,PON.896
10.319,PON.75
10.319,PON.N22
10.405,PON.834
10.405,PON.866
10.495,PON.835
10.978,PON.N23
10.970,PON.75
10.970,PON.866
10.970,PON.N23
10.230,PON.N22
10.406,PON.75
10.406,PON.866
10.407,PON.75
10.407,PON.866
10.146,PON.868
10.056,PON.866
10.056,PON.868
10.575,PON.85
10.575,PON.365
10.575,PON.4G
10.645,PON.365
10.645,PON.824
10.645,PON.4G
10.990,PON.N23
10.175,PON.2A
10.545,PON.455
10.545,PON.869
59.058,PON.36
84.268,PON.912
97.048,PON.59
20.224,PON.T53
20.260,PON.N27
20.260,PON.N29
20.260,PON.T53
81.126,PON.36
81.126,PON.1J
81.126,PON.8E
15.427,PON.N73
84.063,PON.912
84.145,PON.144
20.802,PON.866
20.802,PON.12B
84.007,PON.912
20.500,PON.T35
20.507,PON.T35
20.507,PON.T36
84.033,PON.636
84.033,PON.912
10.156,PON.2A
10.156,PON.N22
20.326,PON.10C
20.326,PON.T35
20.340,PON.10C
20.340,PON.T35
10.934,PON.N23
10.934,PON.N29
20.539,PON.6T
20.539,PON.T35
10.383,PON.1A
10.383,PON.N23
66.614,PON.636
66.614,PON.4J
66.614,PON.8Q
97.132,PON.159
97.132,PON.629
97.132,PON.634
16.063,PON.129
16.063,PON.202
97.046,PON.50
97.046,PON.4J
97.151,PON.50
15.087,PON.4Q
11.052,PON.103
11.052,PON.T121
11.052,PON.50
93.00Q,PON.103
19.662,PON.T52
20.323,PON.49
20.323,PON.N2
97.158,PON.N36
15.608,PON.9Q
15.517,PON.11Q
15.517,PON.9Q
15.664,PON.N26
15.550,PON.T69
12.460,PON.832
11.437,PON.N28
11.477,PON.4F
11.477,PON.5F
11.415,PON.866
11.483,PON.11Q
11.483,PON.2Q
11.408,PON.75
11.408,PON.868
19.204,PON.866
11.413,PON.T1
11.413,PON.T3
93.367,PON.T1
93.367,PON.T3
15.433,PON.4J
15.433,PON.N11
97.022,PON.50
97.029,PON.50
97.144,PON.50
10.585,PON.827
10.585,PON.T1
10.585,PON.T3
15.149,PON.57
15.149,PON.96
10.249,PON.47
10.249,PON.909
10.249,PON.T52
10.249,PON.103
10.304,PON.14B
10.304,PON.N23
10.522,PON.85
10.522,PON.455
10.522,PON.824
93.103,PON.15L
93.103,PON.16L
93.103,PON.T1
10.518,PON.125
10.518,PON.T52
10.567,PON.7
10.567,PON.455
10.529,PON.824
10.529,PON.827
10.594,PON.824
10.608,PON.186
10.608,PON.823
10.608,PON.4G
98.007,PON.101
98.007,PON.119
98.007,PON.823
98.008,PON.823
10.624,PON.75
10.624,PON.2A
10.624,PON.3IA
10.606,PON.75
10.606,PON.866
10.606,PON.T72
10.292,PON.7Q
10.292,PON.N22
93.486,PON.85
93.486,PON.455
93.486,PON.824
10.142,PON.75
10.479,PON.T3
10.479,PON.T52
10.328,PON.T1
10.380,PON.365
19.205,PON.827
98.006,PON.N63
98.006,PON.N66
10.600,PON.204
10.600,PON.T72
16.044,PON.901
15.233,PON.4Q
15.233,PON.N29
10.680,PON.N29
10.676,PON.7Q
10.711,PON.10Q
10.711,PON.1C
10.711,PON.4Q
10.678,PON.N29
15.035,PON.7Q
15.035,PON.N29
10.652,PON.N28
10.652,PON.N29
20.509,PON.T35
20.509,PON.T36
15.516,PON.5C
81.089,PON.N28
93.658,PON.182
93.658,PON.861
10.582,PON.85
10.582,PON.4G
10.237,PON.909
10.237,PON.N16
10.969,PON.868
20.240,PON.159
20.115,PON.N73
84.116,PON.144
84.116,PON.913
10.741,PON.N29
93.1KF,PON.101
93.1KF,PON.103
84.334,PON.910
84.334,PON.915
84.334,PON.6G
20.293,PON.195
20.293,PON.196
20.293,PON.630
15.518,PON.5C
12.903,PON.57
12.903,PON.196
12.903,PON.909
14.506,PON.131
14.506,PON.T124
14.506,PON.T52
11.400,PON.T122
66.466,PON.3J
66.964,PON.3J
66.964,PON.6Q
66.962,PON.3J
66.962,PON.6Q
66.469,PON.3J
66.469,PON.6Q
66.469,PON.9Q
66.130,PON.2Q
66.130,PON.3J
66.475,PON.3J
66.475,PON.6Q
66.125,PON.3J
66.125,PON.6Q
66.123,PON.3J
66.123,PON.6Q
66.121,PON.3J
66.121,PON.9Q
66.126,PON.2Q
66.126,PON.3J
66.484,PON.3J
66.484,PON.6Q
66.129,PON.2Q
66.129,PON.3J
66.124,PON.2Q
66.124,PON.3J
66.481,PON.3J
66.481,PON.3Q
66.437,PON.3J
66.437,PON.6Q
47.050,PON.102
47.050,PON.195
47.050,PON.T122
15.434,PON.9C
15.434,PON.N11
93.250,PON.N74
93.067,PON.174
19.701,PON.12P
19.701,PON.14P
19.701,PON.N36
19.888,PON.5IA
98.011,PON.11IA
81.210,PON.138
81.210,PON.4ND
81.210,PON.N42
19.026,PON.127
19.026,PON.138
19.663,PON.104
19.663,PON.10IA
19.663,PON.N45
19.033,PON.10IA
93.494,PON.125
93.494,PON.174
81.258,PON.7P
15.435,PON.N11
15.435,PON.N27
93.479,PON.897
93.479,PON.T89
15.015,PON.N27
10.691,PON.N29
15.988,PON.T53
15.084,PON.T69
15.084,PON.T53
15.084,PON.3Q
15.987,PON.N29
14.198,PON.833
14.198,PON.859
84.200,PON.912
93.191,PON.876
93.191,PON.896
93.191,PON.N74
10.864,PON.19
10.864,PON.5C
10.200,PON.N22
93.526,PON.1C
93.526,PON.9C
93.257,PON.871
93.257,PON.873
93.527,PON.876
16.889,PON.93
16.889,PON.145
84.369,PON.96
84.369,PON.144
16.590,PON.17P
16.590,PON.21P
93.134,PON.N69
93.918,PON.T89
16.525,PON.87
16.525,PON.N37
16.062,PON.N37
16.062,PON.T55
45.310,PON.T17
45.310,PON.T18
45.310,PON.T19
93.597,PON.10
93.597,PON.157
93.597,PON.861
64.005,PON.876
64.005,PON.14L
93.165,PON.125
93.165,PON.N74
93.778,PON.N68
93.913,PON.125
93.236,PON.N74
10.920,PON.N29
10.712,PON.T53
15.629,PON.N26
15.629,PON.T125
15.689,PON.N26
15.689,PON.T125
15.688,PON.6Q
15.688,PON.9Q
15.688,PON.N26
15.662,PON.11Q
15.662,PON.6Q
15.662,PON.9Q
15.687,PON.6Q
15.687,PON.9Q
14.021,PON.833
14.021,PON.10E
66.960,PON.1J
66.957,PON.1J
66.959,PON.10E
66.959,PON.1J
10.706,PON.T69
81.300,PON.7E
81.254,PON.N73
15.965,PON.827
15.965,PON.T53
59.065,PON.36
59.065,PON.866
93.090,PON.98
93.090,PON.182
93.090,PON.861
10.936,PON.10Q
10.936,PON.7Q
87.051,PON.10Q
87.051,PON.9Q
87.052,PON.10Q
87.052,PON.11B
87.052,PON.2Q
11.451,PON.3Q
11.451,PON.N26
11.451,PON.N27
10.331,PON.85
10.331,PON.127
10.331,PON.131
17.268,PON.825
17.268,PON.827
17.268,PON.N16
11.463,PON.2Q
11.463,PON.7Q
16.754,PON.N36
90.404,PON.617
97.039,PON.50
97.039,PON.7F
20.705,PON.827
20.705,PON.9F
20.712,PON.827
20.712,PON.4J
20.707,PON.8Q
93.SRR,PON.N28
93.SRR,PON.103
93.SRR,PON.T89
93.SR0,PON.N28
93.SR0,PON.103
93.SR0,PON.T89
93.SRP,PON.N28
93.SRP,PON.103
93.SRP,PON.T89
93.SRS,PON.36
93.SRS,PON.N28
10.125,PON.1J
10.125,PON.2J
66.812,PON.20P
66.812,PON.4J
66.801,PON.4J
66.801,PON.8Q
93.WTP,PON.2H
93.WTP,PON.1H
93.WTP,PON.T89
93.WTS,PON.36
93.WTS,PON.2H
93.600,PON.1G
93.600,PON.2G
93.600,PON.T95
93.356,PON.49
66.816,PON.4J
66.816,PON.8Q
93.893,PON.N45
93.822,PON.N74
93.224,PON.876
93.123,PON.912
93.971,PON.912
93.971,PON.N74
93.970,PON.N74
93.972,PON.912
93.972,PON.N74
93.342,PON.912
93.161,PON.4J
93.266,PON.125
93.266,PON.174
10.872,PON.455
10.922,PON.N26
10.922,PON.N29
14.913,PON.834
14.913,PON.4J
14.906,PON.103
14.906,PON.834
14.906,PON.4J
14.901,PON.834
14.901,PON.4J
93.086,PON.87
93.086,PON.145
93.086,PON.829
93.926,PON.101
93.926,PON.119
93.926,PON.872
10.128,PON.75
10.128,PON.866
90.401,PON.617
90.400,PON.N17
93.683,PON.101
93.683,PON.871
93.683,PON.876
15.939,PON.T17
15.939,PON.T97
93.A92,PON.65
93.A92,PON.107
93.A92,PON.2C
95.001,PON.N35
95.001,PON.N42
11.070,PON.8C
11.070,PON.2S
11.070,PON.10E
20.244,PON.T34
20.245,PON.T52
10.754,PON.866
10.754,PON.N73
10.217,PON.57
10.217,PON.144
10.220,PON.195
10.220,PON.827
84.031,PON.81
84.031,PON.913
10.210,PON.912
10.210,PON.N16
15.667,PON.7Q
15.667,PON.N26
20.319,PON.T33
20.319,PON.T35
20.205,PON.10C
20.205,PON.1C
20.205,PON.9C
20.225,PON.8C
20.225,PON.T34
20.225,PON.T35
20.200,PON.103
20.200,PON.T34
20.272,PON.9C
20.272,PON.T34
20.294,PON.827
20.295,PON.195
20.295,PON.N16
20.295,PON.N19
20.215,PON.195
20.215,PON.196
20.215,PON.827
10.223,PON.195
10.223,PON.N16
10.223,PON.N21
15.904,PON.T97
15.966,PON.T18
15.966,PON.T19
15.966,PON.T97
93.917,PON.T89
93.941,PON.622
93.941,PON.16L
93.914,PON.T89
93.939,PON.622
93.940,PON.622
93.145,PON.125
93.145,PON.876
93.145,PON.N74
14.183,PON.861
14.239,PON.833
14.239,PON.834
14.239,PON.835
97.091,PON.50
97.091,PON.2ND
97.091,PON.N52
97.067,PON.N52
97.007,PON.50
97.007,PON.2ND
97.077,PON.1ND
97.077,PON.2ND
17.805,PON.826
17.805,PON.2N
21.026,PON.834
93.454,PON.125
93.817,PON.125
93.817,PON.174
14.169,PON.834
14.169,PON.862
14.022,PON.833
14.022,PON.859
14.316,PON.827
14.316,PON.833
14.188,PON.835
14.241,PON.832
14.241,PON.833
14.241,PON.T73
14.275,PON.833
14.275,PON.835
59.055,PON.869
93.172,PON.103
93.172,PON.15L
93.172,PON.T125
93.HG3,PON.15L
93.HG3,PON.103
93.HG2,PON.15L
93.HG2,PON.T125
93.HG2,PON.103
93.HG1,PON.15L
93.HG1,PON.T125
93.HG1,PON.103
93.HG6,PON.36
93.HG6,PON.15L
93.HG6,PON.868
93.HG5,PON.102
93.HG5,PON.N16
93.HG5,PON.N19
93.HG4,PON.102
93.HG4,PON.N16
10.239,PON.N22
93.944,PON.622
14.269,PON.49
14.269,PON.835
15.677,PON.49
15.677,PON.10Q
66.047,PON.36
11.402,PON.4T
85.750,PON.T72
85.751,PON.T72
85.752,PON.N56
85.752,PON.N63
93.268,PON.871
93.268,PON.T89
93.185,PON.15L
93.185,PON.16L
84.041,PON.3G
84.040,PON.3G
15.565,PON.208
15.063,PON.10E
15.063,PON.11B
15.063,PON.T55
12.031,PON.5ND
12.031,PON.N50
93.850,PON.876
93.850,PON.N74
93.981,PON.T88
93.981,PON.T89
93.581,PON.T55
16.758,PON.12P
16.758,PON.14P
20.611,PON.65
20.611,PON.T52
TC.052,PON.1F
TC.157,PON.860
TC.157,PON.861
TC.158,PON.828
TC.158,PON.859
TC.158,PON.860
10.968,PON.75
10.968,PON.866
10.030,PON.N23
15.026,PON.619
15.026,PON.827
15.026,PON.829
15.043,PON.915
15.043,PON.T95
15.043,PON.T99
15.144,PON.182
14.862,PON.835
14.862,PON.1C
15.031,PON.5Q
16.308,PON.12P
16.308,PON.T55
15.032,PON.117
84.299,PON.57
84.299,PON.96
84.299,PON.144
15.130,PON.96
15.047,PON.3G
84.060,PON.40
84.060,PON.96
15.114,PON.912
84.415,PON.40
84.415,PON.96
15.108,PON.827
15.108,PON.829
TC.128,PON.828
TC.128,PON.N68
66.926,PON.T39
15.059,PON.912
93.00F,PON.896
93.00F,PON.901
93.00F,PON.125
93.00H,PON.901
93.00H,PON.82
93.00H,PON.125
93.654,PON.896
93.654,PON.897
93.382,PON.876
93.00A,PON.93
93.00A,PON.87
93.00A,PON.145
93.653,PON.87
93.653,PON.145
93.164,PON.N74
93.445,PON.208
93.228,PON.T55
93.00N,PON.876
93.00N,PON.871
93.00K,PON.141
93.00K,PON.85
93.00K,PON.852
93.00L,PON.87
93.00L,PON.897
93.00L,PON.107
93.00M,PON.85
93.00M,PON.455
93.00M,PON.823
15.141,PON.835
14.867,PON.81
14.867,PON.833
14.867,PON.835
15.061,PON.829
15.030,PON.T55
15.058,PON.910
15.036,PON.T55
15.042,PON.96
15.044,PON.T35
93.441,PON.876
93.441,PON.T55
15.241,PON.T55
15.024,PON.T55
15.113,PON.861
15.519,PON.11Q
15.519,PON.T55
10.421,PON.75
10.421,PON.866
15.060,PON.827
10.384,PON.365
10.384,PON.1A
16.836,PON.10
81.302,PON.82
81.302,PON.827
81.302,PON.1ND
10.734,PON.7Q
10.729,PON.4Q
10.729,PON.N29
10.107,PON.N23
10.107,PON.75
10.728,PON.869
10.731,PON.N29
10.727,PON.N29
12.902,PON.195
12.902,PON.912
11.059,PON.T120
11.059,PON.103
11.059,PON.N44
10.725,PON.869
10.725,PON.15B
10.714,PON.10Q
10.714,PON.4Q
10.714,PON.N28
15.257,PON.4J
15.257,PON.8Q
15.257,PON.3J
10.718,PON.4Q
10.718,PON.N29
10.715,PON.10Q
10.715,PON.4Q
10.715,PON.5Q
10.720,PON.10Q
10.720,PON.4Q
10.719,PON.N73
10.716,PON.10Q
10.716,PON.4Q
10.717,PON.10Q
10.717,PON.4Q
10.721,PON.15B
93.136,PON.897
93.136,PON.15L
93.284,PON.876
93.284,PON.T55
93.688,PON.101
93.688,PON.119
93.688,PON.876
93.610,PON.876
93.610,PON.901
93.061,PON.15L
84.215,PON.96
84.215,PON.126
20.537,PON.37
20.537,PON.3T
20.537,PON.T36
84.263,PON.N74
66.445,PON.827
66.521,PON.208
10.162,PON.15B
10.162,PON.2A
10.238,PON.N22
10.241,PON.N22
98.005,PON.365
98.005,PON.823
93.378,PON.876
93.378,PON.N69
11.012,PON.N28
11.012,PON.T123
10.303,PON.N22
93.689,PON.101
93.689,PON.119
93.689,PON.876
47.083,PON.102
47.083,PON.103
47.083,PON.N20
54.001,PON.913
20.273,PON.8C
20.273,PON.T35
20.273,PON.T36
20.703,PON.827
20.703,PON.9F
20.703,PON.N6
97.057,PON.N52
97.057,PON.T3
97.057,PON.T34
97.157,PON.9P
97.157,PON.N44
97.157,PON.N52
TC.006,PON.866
TC.006,PON.T72
IN.001,PON.GG.01
11.407,PON.N26
59.062,PON.866
10.767,PON.117
10.767,PON.866
10.767,PON.869
10.619,PON.827
10.619,PON.N23
10.619,PON.T72
10.305,PON.827
10.305,PON.N22
90.500,PON.629
66.313,PON.10IA
66.313,PON.8Q
19.452,PON.8IA
66.931,PON.11IA
66.931,PON.1J
66.931,PON.3J
19.087,PON.117
19.087,PON.N28
10.684,PON.N29
19.990,PON.138
17.401,PON.N40
17.401,PON.N9
17.401,PON.T72
19.019,PON.N40
19.345,PON.138
19.345,PON.617
93.989,PON.103
93.989,PON.N56
93.989,PON.T125
84.017,PON.T18
47.079,PON.102
47.079,PON.103
47.079,PON.N56
66.037,PON.1J
20.328,PON.T35
96.012,PON.65
96.012,PON.T124
93.140,PON.N16
93.140,PON.N18
93.140,PON.N19
15.230,PON.10Q
15.230,PON.N27
15.652,PON.N26
19.021,PON.11IA
11.300,PON.117
11.300,PON.11B
90.300,PON.N63
84.206,PON.96
84.206,PON.103
11.054,PON.102
11.054,PON.T120
11.054,PON.T123
20.516,PON.2N
20.516,PON.T36
17.287,PON.N16
17.801,PON.826
17.801,PON.827
17.801,PON.869
14.895,PON.826
14.895,PON.829
14.895,PON.862
93.674,PON.852
93.674,PON.862
93.674,PON.2N
98.009,PON.365
98.009,PON.823
98.009,PON.827
16.816,PON.N36
15.232,PON.4Q
11.047,PON.102
11.047,PON.T123
16.757,PON.10
16.757,PON.145
16.827,PON.65
16.827,PON.159
16.021,PON.N37
15.150,PON.96
16.540,PON.912
16.726,PON.856
16.726,PON.897
16.840,PON.159
15.407,PON.40
15.407,PON.T19
15.407,PON.T97
16.048,PON.T87
93.605,PON.98
17.002,PON.T52
93.065,PON.101
15.540,PON.2J
15.540,PON.3J
15.540,PON.7Q
10.690,PON.3J
10.690,PON.N28
15.543,PON.7Q
15.164,PON.7Q
15.164,PON.N27
10.742,PON.10Q
10.742,PON.N29
10.742,PON.N26
84.229,PON.57
84.229,PON.144
12.579,PON.5ND
15.436,PON.N11
15.640,PON.7Q
15.640,PON.N26
45.313,PON.827
10.704,PON.159
16.300,PON.827
16.301,PON.12P
16.301,PON.T52
16.302,PON.827
16.302,PON.N36
16.303,PON.T52
16.001,PON.12P
16.003,PON.T52
16.004,PON.827
16.304,PON.12P
16.309,PON.T87
16.305,PON.12P
16.070,PON.896
16.070,PON.N36
16.076,PON.N40
16.076,PON.159
16.076,PON.N38
81.279,PON.7P
10.245,PON.N22
14.912,PON.834
14.912,PON.4J
14.920,PON.834
14.920,PON.4J
14.905,PON.827
14.905,PON.834
14.905,PON.4J
14.900,PON.827
14.900,PON.834
14.900,PON.4J
14.902,PON.103
14.902,PON.834
14.902,PON.4J
14.888,PON.833
14.888,PON.4J
93.345,PON.103
93.345,PON.876
14.922,PON.834
14.922,PON.4J
14.922,PON.4J
14.922,PON.833
14.922,PON.11C
66.805,PON.10Q
66.805,PON.4J
16.524,PON.10
16.524,PON.17P
64.056,PON.10
81.252,PON.103
15.520,PON.208
15.520,PON.6Q
42.011,PON.T17
64.031,PON.861
93.072,PON.30
15.052,PON.T55
10.089,PON.N23
10.109,PON.N23
10.108,PON.N23
14.874,PON.833
21.032,PON.49
10.185,PON.85
10.185,PON.365
10.185,PON.455
16.060,PON.159
16.060,PON.2P
16.060,PON.3P
10.189,PON.14B
10.189,PON.1A
17.302,PON.76
81.136,PON.8Q
81.140,PON.50
81.140,PON.81
21.008,PON.10
20.274,PON.10E
20.274,PON.N28
15.538,PON.11Q
15.538,PON.7Q
14.856,PON.833
15.521,PON.5C
15.661,PON.N26
93.568,PON.T73
93.838,PON.103
93.838,PON.15L
93.838,PON.T125
20.318,PON.T35
84.165,PON.96
84.165,PON.144
14.879,PON.833
15.239,PON.N29
12.012,PON.N29
14.110,PON.833
14.171,PON.835
81.253,PON.827
81.253,PON.N73
11.611,PON.868
TC.015,PON.866
TC.015,PON.N73
12.369,PON.897
11.999,PON.4J
11.999,PON.7F
11.455,PON.T125
11.433,PON.N28
11.439,PON.N28
15.424,PON.N28
11.429,PON.2Q
11.429,PON.6Q
11.429,PON.N28
15.645,PON.3Q
15.645,PON.6Q
15.645,PON.N26
11.065,PON.N26
11.065,PON.7Q
11.065,PON.9Q
20.826,PON.4T
20.826,PON.T121
20.813,PON.N50
20.820,PON.12B
20.803,PON.N52
10.601,PON.2A
10.601,PON.T72
11.112,PON.15B
10.123,PON.N23
10.153,PON.2A
10.153,PON.N23
10.163,PON.N23
10.155,PON.2A
10.155,PON.N23
10.096,PON.75
15.955,PON.T97
93.556,PON.145
93.556,PON.157
93.556,PON.182
93.994,PON.101
93.994,PON.119
93.994,PON.872
93.687,PON.101
93.687,PON.119
93.687,PON.897
93.870,PON.101
93.870,PON.119
93.870,PON.T99
93.320,PON.15L
93.320,PON.119
93.320,PON.48
47.049,PON.102
47.049,PON.195
47.049,PON.T123
12.901,PON.195
12.901,PON.N20
16.040,PON.12P
11.805,PON.865
11.805,PON.866
11.805,PON.869
11.034,PON.866
11.034,PON.869
11.804,PON.866
11.804,PON.869
11.802,PON.866
11.802,PON.868
11.802,PON.869
85.002,PON.6IA
85.002,PON.9IA
85.002,PON.N66
11.609,PON.1S
11.609,PON.2S
11.609,PON.T120
11.055,PON.N8
11.055,PON.1S
11.055,PON.2S
10.180,PON.2A
10.180,PON.T1
10.382,PON.365
10.382,PON.1A
10.381,PON.365
10.381,PON.1A
10.477,PON.T1
93.879,PON.102
93.879,PON.103
93.879,PON.15L
93.008,PON.59
93.008,PON.125
93.386,PON.50
93.386,PON.636
TC.132,PON.860
TC.132,PON.T91
93.680,PON.N74
93.071,PON.873
93.071,PON.N68
93.773,PON.N68
93.770,PON.N70
93.774,PON.11
93.774,PON.N68
93.732,PON.876
93.732,PON.896
93.732,PON.N74
93.982,PON.49
93.24X,PON.103
93.24X,PON.15L
93.24X,PON.896
93.24C,PON.15L
93.24C,PON.103
93.24R,PON.15L
93.24R,PON.103
93.24R,PON.896
93.24S,PON.15L
93.24S,PON.36
93.24S,PON.896
93.24T,PON.102
93.24T,PON.15L
93.24T,PON.N16
93.24N,PON.102
93.24N,PON.N74
93.242,PON.103
93.242,PON.15L
93.242,PON.T125
11.467,PON.102
11.467,PON.4F
20.275,PON.65
20.275,PON.2C
20.275,PON.T36
20.517,PON.8C
20.517,PON.T35
20.505,PON.T35
20.505,PON.T36
15.680,PON.N26
10.179,PON.75
10.179,PON.455
59.046,PON.866
19.500,PON.11IA
19.502,PON.103
19.502,PON.5IA
19.502,PON.N66
11.033,PON.104
66.488,PON.5C
66.488,PON.N2
84.149,PON.913
84.144,PON.914
84.141,PON.915
84.011,PON.96
19.042,PON.N38
19.042,PON.10IA
19.042,PON.65
15.647,PON.N26
15.647,PON.T125
15.637,PON.7Q
15.637,PON.N26
15.655,PON.N26
15.655,PON.T125
12.400,PON.N50
10.284,PON.898
10.284,PON.5ND
10.284,PON.862
10.284,PON.896
12.007,PON.876
12.420,PON.125
12.420,PON.15L
10.287,PON.898
10.287,PON.5ND
10.281,PON.636
10.281,PON.852
10.281,PON.853
10.965,PON.N23
15.259,PON.8Q
15.259,PON.N28
15.259,PON.3J
17.600,PON.1H
17.600,PON.2H
15.038,PON.8E
15.437,PON.9C
15.437,PON.N11
20.608,PON.65
20.608,PON.159
20.608,PON.T34
10.248,PON.N22
10.248,PON.N23
10.248,PON.N22
10.248,PON.1A
10.248,PON.T3
81.137,PON.102
81.137,PON.195
81.137,PON.827
93.307,PON.103
93.307,PON.15L
93.307,PON.T125
93.899,PON.T88
84.120,PON.195
10.466,PON.N16
16.015,PON.11
16.015,PON.159
16.050,PON.13P
16.050,PON.12P
16.050,PON.N35
16.543,PON.N36
16.543,PON.T87
43.009,PON.T234
15.941,PON.T53
15.522,PON.208
15.522,PON.6Q
20.948,PON.T35
20.948,PON.T36
95.006,PON.65
81.009,PON.103
81.009,PON.876
93.791,PON.616
64.032,PON.911
64.127,PON.861
85.401,PON.912
85.402,PON.633
85.402,PON.827
85.400,PON.912
14.162,PON.833
14.162,PON.859
14.126,PON.835
14.155,PON.835
14.117,PON.833
14.119,PON.833
14.122,PON.833
14.122,PON.859
14.128,PON.876
14.129,PON.835
14.133,PON.833
14.135,PON.835
14.134,PON.835
14.138,PON.5
14.138,PON.835
14.139,PON.835
20.218,PON.T34
20.237,PON.T34
20.237,PON.T52
20.619,PON.103
20.619,PON.T34
14.881,PON.826
14.881,PON.833
10.494,PON.835
14.191,PON.5
14.191,PON.11
19.808,PON.5IA
66.204,PON.8Q
15.628,PON.3Q
15.628,PON.N26
15.628,PON.T125
15.578,PON.11Q
15.578,PON.5C
45.309,PON.827
45.309,PON.T18
45.309,PON.T19
45.033,PON.827
45.033,PON.T18
45.033,PON.T19
45.301,PON.T18
45.301,PON.T19
15.076,PON.5C
10.700,PON.N22
10.700,PON.T19
10.700,PON.T52
15.820,PON.N28
93.387,PON.897
89.001,PON.T17
89.001,PON.T18
89.001,PON.T19
16.041,PON.T87
10.273,PON.2J
10.273,PON.N28
10.273,PON.2J
93.459,PON.125
93.889,PON.125
93.CA5,PON.3L
93.CA5,PON.103
93.CA5,PON.15L
93.CA2,PON.3L
93.CA2,PON.82
93.CA2,PON.103
93.CA1,PON.3L
93.CA1,PON.15L
93.CA1,PON.16L
93.CA6,PON.36
93.CA6,PON.15L
93.CA6,PON.3L
93.CA4,PON.102
93.CA4,PON.N16
93.CA4,PON.15L
93.CA3,PON.102
93.CA3,PON.N16
93.CA3,PON.15L
64.201,PON.1N
93.350,PON.103
93.350,PON.15L
93.350,PON.T125
93.TR1,PON.15L
93.TR1,PON.103
93.TR1,PON.876
93.TR3,PON.15L
93.TR3,PON.36
93.TR8,PON.102
93.TR7,PON.15L
93.TR7,PON.103
93.TR2,PON.15L
93.TR2,PON.103
93.TR6,PON.15L
93.TR6,PON.103
93.TR4,PON.15L
93.TR4,PON.103
93.TR5,PON.36
93.TR5,PON.15L
93.300,PON.15L
93.300,PON.N74
93.300,PON.T52
15.923,PON.827
15.923,PON.T120
16.030,PON.N36
93.233,PON.103
93.233,PON.15L
93.233,PON.T125
16.027,PON.N37
97.140,PON.T18
93.858,PON.T89
97.142,PON.N36
15.810,PON.T122
92.002,PON.65
92.002,PON.618
16.554,PON.T52
20.276,PON.6Q
20.276,PON.9Q
20.276,PON.N26
97.148,PON.827
97.148,PON.N44
97.041,PON.50
16.056,PON.11
16.056,PON.N37
12.006,PON.195
12.006,PON.3ND
14.272,PON.49
14.272,PON.1C
97.145,PON.50
97.145,PON.827
20.606,PON.T52
97.147,PON.50
97.153,PON.50
97.153,PON.4F
97.153,PON.9F
93.455,PON.876
93.825,PON.174
93.825,PON.N74
20.277,PON.10E
20.277,PON.4E
20.277,PON.T36
45.037,PON.T97
45.037,PON.T19
45.037,PON.1E
45.036,PON.41
45.036,PON.1E
45.036,PON.T18
66.950,PON.57
66.456,PON.3J
66.456,PON.9Q
93.052,PON.30
93.052,PON.616
93.054,PON.30
93.054,PON.142
17.264,PON.826
17.264,PON.827
97.018,PON.50
97.018,PON.827
15.674,PON.50
15.674,PON.4Q
15.674,PON.5Q
15.948,PON.4Q
15.948,PON.5Q
10.683,PON.N27
15.686,PON.3Q
15.686,PON.9Q
15.686,PON.N26
15.685,PON.9Q
15.685,PON.N26
10.279,PON.N21
10.279,PON.N22
10.279,PON.57
10.587,PON.103
10.587,PON.129
10.587,PON.4G
15.438,PON.3G
15.438,PON.N11
10.682,PON.N29
45.034,PON.42
45.034,PON.T19
15.814,PON.N28
15.814,PON.T122
15.817,PON.3Q
15.817,PON.T122
15.817,PON.T52
15.980,PON.208
12.404,PON.829
12.401,PON.N50
12.030,PON.5ND
93.488,PON.622
93.990,PON.873
93.162,PON.125
93.162,PON.876
93.162,PON.N74
93.288,PON.125
93.288,PON.876
93.HL1,PON.15L
93.HL5,PON.15L
93.HL5,PON.T88
93.HL5,PON.103
93.HL6,PON.15L
93.HL6,PON.T89
93.HL6,PON.103
93.HL2,PON.15L
93.HL2,PON.T88
93.HL2,PON.T89
93.HL3,PON.36
93.HL3,PON.15L
93.HL3,PON.868
93.HL4,PON.102
93.HL4,PON.N16
93.HL4,PON.N74
93.HL7,PON.102
93.HL7,PON.N16
93.HL7,PON.N74
20.278,PON.117
20.278,PON.T34
20.278,PON.T35
20.279,PON.117
20.279,PON.9C
20.279,PON.T35
20.622,PON.T34
20.614,PON.103
20.614,PON.827
20.614,PON.T34
89.003,PON.T18
89.003,PON.T19
14.261,PON.T52
97.107,PON.50
20.933,PON.10C
20.933,PON.9C
20.933,PON.T35
20.937,PON.10C
20.937,PON.1C
20.937,PON.T34
93.8TH,PON.622
93.8TH,PON.15L
93.8TH,PON.16L
93.8RC,PON.622
93.8RC,PON.15L
93.8RC,PON.16L
93.8RP,PON.103
93.8RP,PON.15L
93.8RP,PON.16L
93.8SB,PON.103
93.8SB,PON.15L
93.8SB,PON.16L
93.8TR,PON.102
93.8TR,PON.15L
93.8TR,PON.N18
93.8TN,PON.102
93.8TN,PON.15L
93.8TN,PON.N18
93.8AM,PON.2L
93.8AM,PON.15L
93.8AM,PON.16L
93.8CF,PON.15L
93.8CF,PON.103
93.8CF,PON.16L
93.8NB,PON.125
93.8NB,PON.15L
93.8RB,PON.125
93.8RB,PON.15L
93.8TD,PON.15L
93.8TD,PON.16L
93.8TD,PON.622
93.8UV,PON.16L
93.8UV,PON.15L
93.8UV,PON.622
16.560,PON.102
16.560,PON.103
93.AGC,PON.103
93.AG6,PON.1C
93.AG6,PON.T125
93.AG8,PON.102
93.AG8,PON.103
93.AG9,PON.N16
93.AG9,PON.N18
93.AG3,PON.103
93.AG3,PON.15L
93.AG3,PON.T125
93.AGR,PON.103
93.AGR,PON.15L
93.AGR,PON.T125
93.AG7,PON.103
93.AG7,PON.15L
93.AG7,PON.T125
93.AG4,PON.102
93.AG4,PON.N16
93.AG4,PON.N18
93.AG5,PON.102
93.AG5,PON.N16
93.AG5,PON.N18
93.DAH,PON.897
93.DAH,PON.15L
93.DAH,PON.T88
93.280,PON.N16
93.280,PON.N18
93.280,PON.N19
93.ELR,PON.N19
93.ELR,PON.N18
93.ELR,PON.N74
93.220,PON.N16
93.220,PON.N18
93.220,PON.N19
93.LRZ,PON.102
93.LRZ,PON.N74
81.251,PON.1ND
81.251,PON.N16
15.815,PON.N28
15.815,PON.T122
15.248,PON.7Q
15.248,PON.N28
15.248,PON.T97
45.312,PON.T18
45.312,PON.T19
93.LM2,PON.15L
93.LM2,PON.T52
93.LM1,PON.15L
93.LM1,PON.103
93.LM1,PON.T52
93.LM5,PON.36
93.LM5,PON.15L
93.LM4,PON.102
93.LM3,PON.102
15.925,PON.T17
15.925,PON.T18
97.135,PON.4T
97.130,PON.195
97.130,PON.2ND
81.123,PON.826
81.123,PON.N16
11.432,PON.103
11.432,PON.N28
93.809,PON.125
93.809,PON.871
93.011,PON.876
15.653,PON.T69
15.406,PON.T53
15.954,PON.N27
15.954,PON.T18
15.954,PON.T53
93.422,PON.15L
93.422,PON.T52
15.439,PON.9C
15.439,PON.N11
20.616,PON.T34
16.739,PON.159
16.739,PON.T52
20.315,PON.T35
93.186,PON.102
93.186,PON.N74
93.225,PON.N74
16.061,PON.N45
84.015,PON.827
84.015,PON.913
20.280,PON.65
20.280,PON.T35
20.280,PON.T69
10.555,PON.85
10.555,PON.365
10.555,PON.624
12.552,PON.5ND
12.551,PON.5ND
16.833,PON.12P
16.833,PON.18P
43.015,PON.195
43.015,PON.N16
43.015,PON.N21
20.261,PON.195
20.261,PON.196
15.935,PON.T53
97.025,PON.50
97.025,PON.827
11.043,PON.T122
66.462,PON.3J
15.665,PON.7Q
15.962,PON.11Q
15.969,PON.827
15.969,PON.4Q
15.969,PON.5Q
15.654,PON.N26
15.654,PON.T53
20.281,PON.9C
20.281,PON.T35
20.934,PON.10C
20.934,PON.1C
20.934,PON.9C
45.311,PON.42
45.311,PON.T18
45.311,PON.T19
15.133,PON.117
93.340,PON.117
93.340,PON.T55
12.025,PON.T97
17.265,PON.826
17.265,PON.829
17.265,PON.865
15.922,PON.42
15.922,PON.T19
59.052,PON.867
59.052,PON.869
93.612,PON.117
93.612,PON.T55
64.126,PON.833
64.126,PON.835
45.308,PON.42
45.308,PON.T18
45.308,PON.T19
15.071,PON.40
15.071,PON.199
84.259,PON.827
15.098,PON.N29
15.068,PON.40
15.068,PON.117
15.068,PON.1C
84.362,PON.144
93.932,PON.871
93.932,PON.876
14.873,PON.833
14.873,PON.834
14.873,PON.835
21.012,PON.11C
15.161,PON.40
15.161,PON.96
93.00P,PON.125
93.00P,PON.127
93.682,PON.125
93.682,PON.127
20.708,PON.9C
15.658,PON.3J
15.658,PON.4J
15.944,PON.N27
15.552,PON.5C
15.552,PON.T55
15.057,PON.N29
12.340,PON.15L
12.335,PON.102
12.335,PON.1ND
14.256,PON.10C
14.256,PON.11B
15.635,PON.N26
TC.149,PON.859
TC.149,PON.T91
TC.150,PON.859
TC.150,PON.T91
TC.151,PON.859
TC.151,PON.T91
TC.152,PON.859
TC.152,PON.T91
TC.153,PON.859
TC.153,PON.T91
93.431,PON.897
93.NS4,PON.15L
93.NS4,PON.103
93.NS3,PON.15L
93.NS3,PON.103
93.NS1,PON.15L
93.NS1,PON.103
93.NS1,PON.T88
93.NS2,PON.36
93.NS2,PON.15L
93.NS5,PON.102
93.NS5,PON.N74
93.NS6,PON.102
10.527,PON.913
10.758,PON.6E
10.758,PON.N73
20.521,PON.11
20.521,PON.T36
TC.097,PON.117
TC.097,PON.863
15.559,PON.5C
97.138,PON.50
15.663,PON.3Q
15.663,PON.7Q
15.663,PON.N26
87.003,PON.T2
87.003,PON.T3
15.785,PON.T97
16.813,PON.N36
16.813,PON.T52
93.142,PON.1H
93.143,PON.103
93.143,PON.15L
93.143,PON.T125
93.DSS,PON.N16
93.DSS,PON.T52
93.DSS,PON.103
93.NNR,PON.103
93.NNR,PON.82
93.313,PON.103
93.313,PON.15L
93.313,PON.T125
93.WHR,PON.119
93.WHR,PON.15L
93.THR,PON.103
93.THR,PON.82
93.THR,PON.T88
93.1RP,PON.15L
93.1RP,PON.103
93.1CM,PON.102
93.1CM,PON.103
93.10R,PON.15L
93.10R,PON.103
93.1RC,PON.15L
93.1RC,PON.103
93.1SB,PON.36
93.1SB,PON.15L
93.1TR,PON.102
93.1TR,PON.N19
93.1T1,PON.102
93.1T1,PON.N74
11.044,PON.103
11.051,PON.N16
11.051,PON.196
11.051,PON.N21
11.008,PON.57
11.008,PON.N21
11.021,PON.36
11.021,PON.T122
98.004,PON.127
98.004,PON.N66
10.451,PON.N23
66.460,PON.3J
66.460,PON.6Q
97.008,PON.N52
81.505,PON.138
81.505,PON.4ND
19.224,PON.138
15.214,PON.4J
66.487,PON.3J
10.777,PON.827
10.777,PON.N22
10.777,PON.N58
15.623,PON.9Q
20.333,PON.117
20.333,PON.9C
20.333,PON.T35
90.601,PON.117
15.443,PON.827
15.443,PON.10E
15.443,PON.N73
15.253,PON.9Q
15.984,PON.N26
81.884,PON.50
81.884,PON.81
81.884,PON.10IA
81.121,PON.195
81.121,PON.5E
81.065,PON.8Q
93.124,PON.876
93.124,PON.N74
93.908,PON.876
93.908,PON.N74
93.303,PON.876
93.359,PON.N74
93.264,PON.N74
93.693,PON.876
93.693,PON.N74
93.361,PON.103
93.361,PON.15L
93.361,PON.T125
93.NR5,PON.15L
93.NR5,PON.103
93.NR6,PON.15L
93.NR6,PON.103
93.NR1,PON.15L
93.NR1,PON.103
93.NR1,PON.876
93.NR4,PON.36
93.NR4,PON.15L
93.NR3,PON.102
93.NR3,PON.N74
93.NR2,PON.102
93.NR2,PON.N74
93.364,PON.912
93.178,PON.N74
93.649,PON.85
93.649,PON.170
10.566,PON.7
10.566,PON.455
93.053,PON.142
93.053,PON.624
93.262,PON.15L
93.262,PON.1H
17.503,PON.1H
17.503,PON.2H
17.502,PON.1H
17.502,PON.2H
11.017,PON.103
11.011,PON.N28
98.003,PON.3IA
11.473,PON.2Q
11.473,PON.3Q
93.HAR,PON.15L
93.HAR,PON.174
93.HAR,PON.622
93.00S,PON.15L
93.00S,PON.103
93.681,PON.15L
93.681,PON.16L
19.801,PON.138
14.893,PON.82
14.893,PON.127
14.893,PON.131
66.511,PON.208
66.511,PON.1J
66.511,PON.N28
11.998,PON.10Q
11.998,PON.4J
11.998,PON.7F
81.049,PON.T123
43.008,PON.194
43.008,PON.N16
81.010,PON.36
81.010,PON.103
19.334,PON.10IA
19.334,PON.11IA
15.155,PON.859
10.940,PON.75
16.029,PON.N37
16.066,PON.N36
14.921,PON.5
14.921,PON.905
59.053,PON.10B
10.989,PON.75
10.989,PON.N23
20.282,PON.65
20.282,PON.127
20.282,PON.827
10.726,PON.117
10.233,PON.N22
16.842,PON.159
93.788,PON.897
TC.101,PON.117
TC.101,PON.866
93.121,PON.103
93.121,PON.125
93.121,PON.15L
93.DE8,PON.15L
93.DE8,PON.T125
93.DE3,PON.103
93.DE3,PON.T125
93.DE7,PON.103
93.DE7,PON.T125
93.DE2,PON.103
93.DE2,PON.T125
93.DE6,PON.103
93.DE6,PON.T125
93.DE5,PON.N18
93.DE4,PON.N18
93.DE1,PON.103
93.DE1,PON.T125
TC.079,PON.T91
10.307,PON.1A
10.307,PON.2A
10.307,PON.N22
10.139,PON.204
10.139,PON.866
10.171,PON.866
10.977,PON.N23
10.195,PON.15B
10.188,PON.14B
10.188,PON.2A
19.948,PON.138
19.948,PON.617
19.948,PON.11IA
93.800,PON.871
10.134,PON.N23
15.254,PON.827
15.254,PON.N29
TC.143,PON.T91
15.916,PON.T53
15.012,PON.194
10.443,PON.75
10.443,PON.868
10.147,PON.827
10.147,PON.863
10.147,PON.15B
10.983,PON.N23
93.319,PON.170
84.022,PON.102
84.022,PON.8IA
84.019,PON.102
84.019,PON.7IA
84.021,PON.144
84.021,PON.913
84.018,PON.7IA
19.519,PON.N61
19.523,PON.N61
19.517,PON.3IA
19.517,PON.N61
19.511,PON.3IA
19.511,PON.N61
19.520,PON.3IA
19.520,PON.N61
19.522,PON.3IA
19.522,PON.N61
19.518,PON.3IA
19.518,PON.N61
19.023,PON.56
19.023,PON.57
19.023,PON.144
16.026,PON.103
16.526,PON.N35
16.526,PON.N36
16.526,PON.N37
66.033,PON.82
66.033,PON.1J
66.516,PON.208
66.516,PON.1J
66.516,PON.N28
12.019,PON.1ND
12.019,PON.2ND
11.045,PON.6Q
11.045,PON.7Q
11.045,PON.9Q
11.438,PON.N26
93.349,PON.170
10.191,PON.N23
10.143,PON.N23
10.181,PON.N23
10.182,PON.85
10.182,PON.365
10.182,PON.455
10.184,PON.14B
10.184,PON.1A
93.325,PON.11
93.325,PON.122
93.325,PON.873
TC.111,PON.913
TC.111,PON.T91
10.759,PON.19
10.759,PON.208
10.540,PON.85
10.540,PON.129
10.540,PON.T98
93.446,PON.16L
15.631,PON.7Q
15.631,PON.N26
10.699,PON.N29
19.706,PON.138
19.706,PON.10P
10.937,PON.36
10.937,PON.204
10.937,PON.205
20.532,PON.6T
20.532,PON.T35
20.540,PON.6T
20.540,PON.T35
20.524,PON.T34
12.740,PON.3ND
12.740,PON.5ND
12.015,PON.138
16.742,PON.827
16.742,PON.N36
93.810,PON.872
93.810,PON.876
20.520,PON.T33
20.520,PON.T36
59.073,PON.49
20.901,PON.T35
20.930,PON.T36
10.205,PON.N22
10.203,PON.N22
64.053,PON.826
64.053,PON.876
93.560,PON.11
93.560,PON.76
93.828,PON.876
93.828,PON.896
93.828,PON.N74
93.842,PON.125
93.842,PON.876
93.842,PON.N74
64.104,PON.861
86.001,PON.859
64.105,PON.861
10.939,PON.204
10.939,PON.205
14.327,PON.833
66.605,PON.8Q
10.165,PON.2A
10.165,PON.N23
12.355,PON.622
12.355,PON.15L
66.714,PON.205
66.722,PON.N16
20.721,PON.65
20.721,PON.4J
20.723,PON.8Q
20.723,PON.N28
20.725,PON.65
11.067,PON.103
11.067,PON.T123
11.067,PON.1S
10.615,PON.204
10.615,PON.N23
20.706,PON.827
20.706,PON.9F
20.706,PON.N6
20.700,PON.8Q
20.724,PON.36
20.724,PON.103
20.724,PON.826
10.617,PON.204
10.617,PON.T72
93.457,PON.N44
93.835,PON.N45
15.245,PON.10Q
15.245,PON.4Q
15.245,PON.N29
10.905,PON.205
10.905,PON.N29
10.031,PON.N22
10.031,PON.N23
10.031,PON.1A
15.544,PON.N26
93.253,PON.125
47.078,PON.102
47.078,PON.T122
47.078,PON.T234
93.239,PON.103
87.006,PON.866
87.006,PON.868
87.006,PON.N66
20.283,PON.7Q
20.283,PON.N26
66.708,PON.8Q
20.823,PON.6T
97.056,PON.50
97.056,PON.N52
64.028,PON.911
16.820,PON.N36
84.408,PON.912
64.120,PON.911
10.757,PON.N73
93.969,PON.N74
16.735,PON.159
16.735,PON.17P
11.053,PON.102
11.053,PON.T123
81.124,PON.82
81.124,PON.827
81.124,PON.1ND
97.143,PON.50
TC.071,PON.833
TC.071,PON.T91
16.069,PON.N36
11.061,PON.N26
11.061,PON.103
15.683,PON.N26
15.932,PON.T97
15.933,PON.T17
15.933,PON.T18
15.933,PON.T97
97.050,PON.59
97.134,PON.N52
93.00C,PON.897
93.00C,PON.876
93.816,PON.876
93.816,PON.T89
16.035,PON.N40
93.377,PON.T89
93.084,PON.125
93.084,PON.622
93.084,PON.N74
93.083,PON.125
93.083,PON.622
93.991,PON.125
93.991,PON.174
93.117,PON.871
93.117,PON.N74
66.720,PON.1H
66.720,PON.125
10.112,PON.75
10.112,PON.N23
93.976,PON.N74
93.884,PON.876
93.884,PON.N74
59.050,PON.865
59.050,PON.867
59.050,PON.869
20.262,PON.65
20.262,PON.127
20.262,PON.2C
91.005,PON.138
14.418,PON.618
14.418,PON.833
64.202,PON.1N
12.002,PON.868
12.002,PON.869
12.002,PON.7ND
19.415,PON.8IA
19.415,PON.9IA
19.415,PON.N63
19.402,PON.11IA
19.402,PON.8IA
19.012,PON.5IA
19.012,PON.9IA
19.300,PON.8IA
84.240,PON.11
84.240,PON.618
87.101,PON.866
87.101,PON.868
87.101,PON.N66
93.116,PON.N74
14.326,PON.11
14.326,PON.833
16.609,PON.159
14.195,PON.833
93.150,PON.896
93.150,PON.T73
93.587,PON.40
93.587,PON.42
93.845,PON.125
93.845,PON.897
20.284,PON.50
20.284,PON.9F
20.284,PON.T34
93.832,PON.876
93.832,PON.T52
45.024,PON.155
45.025,PON.155
45.130,PON.1E
45.130,PON.T18
45.149,PON.827
45.149,PON.T19
45.129,PON.1E
45.160,PON.102
45.160,PON.1E
45.169,PON.102
45.169,PON.1E
45.163,PON.57
45.164,PON.40
45.164,PON.T18
45.161,PON.102
45.161,PON.1E
45.162,PON.40
45.162,PON.1E
14.142,PON.834
14.142,PON.835
93.318,PON.622
93.138,PON.65
93.138,PON.896
66.609,PON.8Q
66.609,PON.T89
15.508,PON.11Q
93.427,PON.125
93.427,PON.T89
14.865,PON.833
93.007,PON.119
93.007,PON.629
19.040,PON.N63
19.501,PON.6IA
19.501,PON.8IA
19.501,PON.N63
93.069,PON.50
93.069,PON.125
93.354,PON.50
93.354,PON.125
93.355,PON.N74
93.383,PON.871
93.383,PON.876
93.316,PON.50
93.316,PON.125
93.316,PON.N6
93.823,PON.125
93.343,PON.188
93.516,PON.125
14.872,PON.835
14.850,PON.834
97.108,PON.159
97.108,PON.2ND
16.571,PON.T96
16.615,PON.912
16.710,PON.159
20.527,PON.49
20.527,PON.N2
20.530,PON.T121
20.530,PON.T36
11.038,PON.36
11.038,PON.14B
TC.019,PON.866
TC.019,PON.N73
TC.116,PON.144
TC.116,PON.1C
TC.106,PON.912
TC.106,PON.914
TC.106,PON.T91
10.133,PON.N23
10.605,PON.2A
10.605,PON.T72
93.304,PON.16L
93.304,PON.T89
14.914,PON.834
97.075,PON.N52
97.075,PON.T3
97.075,PON.T34
20.528,PON.T34
20.320,PON.T35
20.327,PON.T34
20.327,PON.T35
20.314,PON.T35
20.334,PON.T35
20.316,PON.T35
20.313,PON.T34
20.332,PON.8C
20.332,PON.T34
20.331,PON.8C
20.331,PON.T34
20.331,PON.T36
20.301,PON.T34
20.329,PON.T34
20.330,PON.8C
20.330,PON.T34
20.330,PON.T36
20.321,PON.T34
20.285,PON.4J
20.285,PON.T34
20.285,PON.T36
84.426,PON.866
15.237,PON.7Q
15.237,PON.N29
93.315,PON.11
93.315,PON.15L
12.017,PON.N27
12.017,PON.N29
12.017,PON.N50
84.295,PON.96
84.295,PON.T95
15.040,PON.10
15.040,PON.833
15.514,PON.5C
20.940,PON.1C
TC.164,PON.T91
TC.099,PON.117
TC.099,PON.866
15.225,PON.T53
15.225,PON.T69
15.524,PON.T53
20.219,PON.9C
20.219,PON.T53
66.921,PON.T39
TC.026,PON.866
TC.026,PON.N73
TC.004,PON.866
TC.004,PON.T72
66.443,PON.208
16.830,PON.159
16.830,PON.896
20.286,PON.10E
20.286,PON.1J
20.286,PON.8Q
17.270,PON.150
17.270,PON.829
10.735,PON.N29
93.576,PON.861
93.576,PON.862
93.576,PON.863
93.566,PON.829
93.566,PON.861
93.566,PON.896
93.567,PON.863
93.583,PON.863
19.044,PON.N61
19.044,PON.3IA
19.044,PON.131
TC.135,PON.860
TC.135,PON.N68
TC.135,PON.T91
10.618,PON.204
10.618,PON.T72
11.048,PON.N16
10.271,PON.N22
10.271,PON.N22
10.271,PON.1A
10.271,PON.103
97.111,PON.50
97.111,PON.82
97.111,PON.629
10.932,PON.N26
19.221,PON.138
11.441,PON.N26
11.441,PON.T52
10.186,PON.14B
10.186,PON.2A
10.177,PON.14B
10.177,PON.2A
16.610,PON.159
16.610,PON.N35
16.610,PON.N36
20.951,PON.117
20.951,PON.1C
20.951,PON.9C
59.067,PON.36
59.067,PON.869
59.067,PON.15B
19.979,PON.138
19.979,PON.N36
10.274,PON.82
10.274,PON.N22
10.274,PON.103
11.039,PON.36
11.039,PON.117
66.461,PON.3J
17.285,PON.827
15.250,PON.N73
84.129,PON.76
84.129,PON.N74
14.108,PON.835
97.152,PON.50
84.161,PON.76
84.161,PON.827
84.235,PON.11
84.177,PON.11
84.177,PON.122
84.177,PON.179
84.126,PON.76
84.126,PON.827
84.246,PON.827
84.264,PON.76
84.264,PON.826
15.077,PON.N52
10.098,PON.75
10.098,PON.1A
81.092,PON.8Q
81.092,PON.T121
81.087,PON.11E
81.087,PON.T122
10.515,PON.N29
15.062,PON.144
15.062,PON.3G
15.062,PON.5G
95.007,PON.103
95.007,PON.T52
64.054,PON.102
64.054,PON.15L
11.312,PON.117
11.312,PON.11B
12.910,PON.1ND
93.213,PON.103
93.213,PON.15L
93.213,PON.T125
10.246,PON.144
84.324,PON.3
84.324,PON.96
84.324,PON.103
93.351,PON.15L
93.CN1,PON.103
93.CN1,PON.15L
93.30R,PON.103
93.30R,PON.15L
93.3RC,PON.103
93.3RC,PON.15L
93.3RP,PON.103
93.3RP,PON.15L
93.3RP,PON.36
93.3SB,PON.36
93.3SB,PON.15L
93.3SB,PON.103
93.3TR,PON.102
93.3TR,PON.N16
93.3TR,PON.15L
93.3T1,PON.102
93.3T1,PON.N16
93.3T1,PON.15L
20.949,PON.36
20.949,PON.N28
10.255,PON.N22
10.707,PON.10Q
10.707,PON.N22
10.707,PON.N29
12.360,PON.15L
12.360,PON.1ND
93.226,PON.15L
93.085,PON.T125
20.946,PON.50
20.946,PON.N28
20.946,PON.T36
93.173,PON.103
93.173,PON.15L
93.173,PON.T125
93.DC4,PON.15L
93.DC4,PON.103
93.DC3,PON.15L
93.DC3,PON.103
93.DC3,PON.N74
93.DC1,PON.15L
93.DC1,PON.103
93.DC1,PON.T88
93.DC5,PON.102
93.DC5,PON.N16
93.DC5,PON.N19
93.DC6,PON.102
93.DC6,PON.N16
93.DC6,PON.N74
11.063,PON.103
11.063,PON.N27
11.063,PON.N26
66.716,PON.11IA
66.716,PON.N28
14.536,PON.131
14.536,PON.T124
93.344,PON.103
93.344,PON.871
19.018,PON.N38
19.018,PON.N61
10.308,PON.195
10.308,PON.N16
14.870,PON.861
16.593,PON.150
16.593,PON.897
10.190,PON.14B
10.190,PON.1A
16.028,PON.N37
21.015,PON.10C
21.015,PON.10Q
21.015,PON.11B
66.489,PON.5C
66.489,PON.N2
66.491,PON.49
66.491,PON.59
59.078,PON.49
20.324,PON.T35
20.324,PON.T36
16.052,PON.N36
16.052,PON.N37
15.619,PON.N26
15.619,PON.T125
15.690,PON.7Q
15.690,PON.N26
10.976,PON.N23
10.460,PON.827
10.460,PON.N23
15.921,PON.T53
15.033,PON.T35
15.525,PON.5C
12.357,PON.5ND
15.958,PON.T124
15.958,PON.T97
20.943,PON.8C
10.886,PON.104
10.886,PON.117
10.351,PON.117
10.351,PON.1C
10.860,PON.117
10.860,PON.866
14.265,PON.81
14.265,PON.127
14.265,PON.131
93.690,PON.896
93.690,PON.897
93.690,PON.901
10.446,PON.835
10.446,PON.11B
10.771,PON.866
10.771,PON.N23
10.862,PON.19
10.862,PON.208
10.890,PON.365
10.890,PON.1A
10.448,PON.834
10.996,PON.827
16.589,PON.21P
16.589,PON.N35
16.589,PON.N37
10.752,PON.104
10.854,PON.866
10.854,PON.869
84.358,PON.57
84.358,PON.96
10.850,PON.10E
10.850,PON.6E
97.120,PON.50
10.868,PON.10E
10.751,PON.10E
10.751,PON.6E
10.516,PON.873
93.692,PON.125
93.692,PON.876
93.692,PON.N74
93.619,PON.876
93.619,PON.N74
93.155,PON.125
93.155,PON.876
93.155,PON.N74
93.798,PON.125
93.798,PON.876
93.798,PON.N74
93.912,PON.872
93.912,PON.876
93.912,PON.N74
93.811,PON.125
93.811,PON.876
93.811,PON.N74
14.250,PON.127
10.433,PON.834
10.411,PON.835
10.755,PON.117
10.755,PON.869
10.870,PON.865
10.870,PON.866
10.870,PON.867
10.447,PON.834
10.447,PON.835
10.427,PON.834
10.427,PON.835
10.415,PON.834
10.415,PON.835
93.746,PON.125
93.746,PON.876
93.746,PON.N74
10.420,PON.835
20.938,PON.9C
20.938,PON.T34
10.851,PON.104
16.039,PON.159
16.039,PON.T87
93.924,PON.871
93.924,PON.N74
20.939,PON.T34
97.139,PON.50
15.441,PON.4J
15.441,PON.T1
17.604,PON.1H
17.604,PON.2H
15.065,PON.5C
20.299,PON.9C
20.299,PON.T35
39.007,PON.N10
15.571,PON.208
15.571,PON.1J
15.571,PON.3J
11.427,PON.205
11.427,PON.T3
15.526,PON.208
15.526,PON.5C
15.555,PON.10Q
15.555,PON.11Q
15.555,PON.9Q
15.929,PON.T97
59.069,PON.88
59.069,PON.869
93.925,PON.N74
10.524,PON.912
10.553,PON.85
10.553,PON.365
10.553,PON.624
10.532,PON.57
10.532,PON.827
10.532,PON.4G
84.184,PON.144
84.184,PON.5G
16.071,PON.159
16.071,PON.5G
10.666,PON.N11
10.665,PON.N11
43.001,PON.T121
43.001,PON.T122
43.001,PON.T234
15.255,PON.4J
15.255,PON.N28
66.509,PON.N28
11.620,PON.103
11.620,PON.N21
11.620,PON.T120
12.330,PON.194
12.631,PON.195
12.631,PON.912
12.631,PON.N19
11.023,PON.117
11.023,PON.827
11.023,PON.N16
10.961,PON.N22
10.961,PON.N58
10.620,PON.827
10.620,PON.N22
10.620,PON.N58
97.062,PON.196
97.062,PON.2ND
12.351,PON.1ND
59.026,PON.865
59.026,PON.867
93.836,PON.101
93.836,PON.119
93.836,PON.N74
11.417,PON.103
10.131,PON.204
10.131,PON.N23
16.812,PON.160
10.226,PON.195
10.226,PON.910
93.694,PON.82
93.694,PON.2C
93.829,PON.901
14.252,PON.131
10.438,PON.833
10.438,PON.835
14.871,PON.833
14.249,PON.833
15.234,PON.10Q
15.234,PON.3G
15.560,PON.N28
97.106,PON.50
10.490,PON.835
10.490,PON.1C
10.490,PON.833
TC.131,PON.860
TC.131,PON.T91
14.247,PON.833
14.247,PON.835
17.235,PON.61
17.235,PON.2N
17.235,PON.N17
66.508,PON.826
66.508,PON.1J
66.508,PON.3J
10.576,PON.85
10.576,PON.365
10.576,PON.869
15.991,PON.T97
16.320,PON.N40
15.025,PON.T55
93.598,PON.N37
93.598,PON.N40
93.598,PON.T87
66.447,PON.3J
16.064,PON.827
16.064,PON.17P
16.053,PON.93
16.053,PON.827
16.023,PON.N37
16.017,PON.N37
93.060,PON.188
93.060,PON.853
93.977,PON.622
93.978,PON.622
93.978,PON.N74
90.199,PON.10C
90.199,PON.1C
90.199,PON.9C
10.173,PON.1A
10.173,PON.2A
97.141,PON.N38
97.141,PON.T73
97.149,PON.N38
97.149,PON.T73
59.075,PON.49
93.365,PON.125
93.365,PON.876
93.365,PON.N74
14.311,PON.833
14.311,PON.859
59.037,PON.865
59.037,PON.868
10.212,PON.36
59.011,PON.866
59.011,PON.869
21.025,PON.863
21.025,PON.11C
TC.154,PON.866
93.301,PON.876
15.074,PON.5C
16.825,PON.159
16.825,PON.14P
10.511,PON.50
10.535,PON.159
10.577,PON.85
10.577,PON.129
10.577,PON.T52
10.533,PON.85
10.533,PON.824
10.907,PON.N29
15.078,PON.11Q
15.078,PON.N28
21.017,PON.129
21.017,PON.2C
57.001,PON.859
57.001,PON.861
57.006,PON.861
96.008,PON.826
96.008,PON.3N
96.001,PON.76
96.001,PON.861
96.007,PON.65
96.007,PON.T124
96.002,PON.861
96.009,PON.10
96.009,PON.826
96.009,PON.861
96.004,PON.861
93.667,PON.11
93.667,PON.58
93.667,PON.157
93.647,PON.127
47.075,PON.102
47.075,PON.195
47.075,PON.T124
10.464,PON.N22
10.464,PON.T18
10.871,PON.117
10.871,PON.1C
19.024,PON.144
10.902,PON.N29
10.903,PON.205
66.920,PON.T39
66.808,PON.T39
10.762,PON.T39
66.717,PON.8Q
66.717,PON.N28
81.180,PON.50
81.180,PON.5E
81.180,PON.8Q
15.440,PON.9C
15.440,PON.N11
19.223,PON.138
11.435,PON.N22
90.705,PON.117
15.235,PON.8Q
15.235,PON.N29
15.235,PON.T53
90.900,PON.117
90.900,PON.866
90.900,PON.869
15.963,PON.N28
15.963,PON.T124
10.694,PON.4Q
10.694,PON.N29
43.007,PON.36
43.007,PON.103
43.007,PON.T121
43.012,PON.36
43.012,PON.T121
43.012,PON.T234
96.020,PON.861
TC.139,PON.872
TC.139,PON.N68
16.734,PON.T52
TC.114,PON.T91
93.237,PON.T89
16.025,PON.21P
16.025,PON.T55
84.325,PON.3
84.325,PON.57
84.380,PON.179
84.323,PON.3
84.323,PON.56
84.323,PON.57
84.327,PON.11
84.327,PON.144
84.027,PON.11
84.027,PON.144
84.328,PON.3
84.328,PON.T99
84.173,PON.11
84.173,PON.144
84.329,PON.3
84.329,PON.144
84.326,PON.3
84.326,PON.96
84.373,PON.144
84.373,PON.T52
84.181,PON.11
84.181,PON.144
TC.159,PON.828
TC.159,PON.859
19.451,PON.N63
10.556,PON.4G
93.044,PON.22
93.044,PON.616
93.045,PON.142
93.045,PON.624
93.045,PON.824
93.043,PON.123
93.043,PON.142
93.043,PON.616
93.048,PON.30
93.048,PON.616
93.048,PON.N74
93.047,PON.823
93.042,PON.58
93.042,PON.12L
93.041,PON.58
93.041,PON.616
11.553,PON.11IA
93.928,PON.125
93.928,PON.876
93.928,PON.T52
93.110,PON.101
93.110,PON.119
93.110,PON.876
10.343,PON.6Q
10.343,PON.204
10.343,PON.N22
TC.085,PON.866
10.244,PON.85
10.244,PON.101
10.244,PON.876
64.051,PON.1L
64.106,PON.833
64.106,PON.1L
10.170,PON.2A
10.170,PON.N22
10.309,PON.N22
11.064,PON.N26
11.064,PON.10Q
11.064,PON.103
15.605,PON.6Q
15.605,PON.T53
15.622,PON.6T
15.622,PON.T69
10.144,PON.N23
64.055,PON.14L
97.083,PON.50
11.056,PON.36
11.056,PON.102
11.056,PON.2S
11.057,PON.N21
11.057,PON.827
11.057,PON.1S
12.020,PON.196
10.698,PON.4Q
10.698,PON.5Q
10.697,PON.4Q
10.697,PON.N29
93.366,PON.872
93.366,PON.876
93.366,PON.N74
10.560,PON.129
10.560,PON.624
10.560,PON.1S
10.561,PON.129
10.561,PON.829
10.561,PON.T52
10.531,PON.365
20.600,PON.T34
16.614,PON.827
16.614,PON.N35
16.614,PON.N36
97.137,PON.N44
97.137,PON.N45
97.005,PON.50
97.005,PON.9F
93.129,PON.127
93.129,PON.131
66.032,PON.4J
66.817,PON.4J
66.817,PON.8Q
38.006,PON.129
38.006,PON.827
93.240,PON.876
93.240,PON.8Q
93.586,PON.10
93.586,PON.T55
16.606,PON.N36
20.720,PON.4J
11.032,PON.47
11.032,PON.104
16.556,PON.N35
20.617,PON.T52
81.041,PON.65
81.041,PON.10E
81.119,PON.10E
81.119,PON.9E
97.043,PON.50
97.043,PON.827
93.873,PON.11
93.873,PON.179
93.771,PON.56
93.771,PON.57
93.771,PON.N68
93.324,PON.N68
81.138,PON.T52
16.550,PON.T52
20.806,PON.195
20.806,PON.12B
10.435,PON.10
93.775,PON.159
93.775,PON.160
93.775,PON.876
12.113,PON.8Q
20.525,PON.T35
20.525,PON.T36
93.439,PON.85
93.439,PON.141
20.621,PON.T2
20.621,PON.T52
66.820,PON.4J
66.820,PON.T39
66.432,PON.208
93.241,PON.125
93.241,PON.876
15.429,PON.3G
15.429,PON.N11
66.518,PON.826
66.518,PON.1J
66.518,PON.3J
21.034,PON.866
21.031,PON.866
93.777,PON.876
93.796,PON.876
59.061,PON.869
59.061,PON.15B
66.433,PON.208
93.066,PON.T52
15.634,PON.3Q
15.634,PON.7Q
15.634,PON.N26
97.123,PON.3P
20.258,PON.65
20.258,PON.103
20.258,PON.8C
19.989,PON.N66
20.335,PON.T34
20.335,PON.T35
20.335,PON.T36
20.535,PON.8C
20.535,PON.T35
84.310,PON.6G
84.372,PON.96
84.372,PON.T52
11.016,PON.T120
11.016,PON.T123
11.016,PON.T52
47.076,PON.102
47.076,PON.N16
47.076,PON.N21
93.645,PON.98
93.645,PON.157
TC.077,PON.T91
10.701,PON.N27
10.701,PON.N29
81.112,PON.82
81.112,PON.102
16.839,PON.144
16.839,PON.159
19.041,PON.N61
19.041,PON.3IA
19.041,PON.5IA
93.428,PON.876
93.078,PON.49
93.078,PON.125
84.382,PON.144
84.382,PON.913
20.941,PON.T34
96.013,PON.10
93.421,PON.125
93.421,PON.N74
93.326,PON.174
93.326,PON.15L
16.037,PON.827
93.097,PON.125
93.097,PON.876
93.874,PON.125
15.067,PON.T55
81.102,PON.103
81.102,PON.194
81.102,PON.196
10.467,PON.N16
19.209,PON.127
84.424,PON.96
84.424,PON.144
84.424,PON.3G
19.043,PON.13P
19.043,PON.N37
93.243,PON.896
93.243,PON.897
93.243,PON.T98
93.00G,PON.901
93.00G,PON.897
93.00G,PON.896
93.892,PON.125
93.892,PON.876
93.892,PON.N74
10.985,PON.75
10.985,PON.204
10.985,PON.N23
64.057,PON.131
15.563,PON.11Q
15.563,PON.N26
10.646,PON.7
10.646,PON.127
10.646,PON.129
10.559,PON.85
10.559,PON.365
10.559,PON.624
10.320,PON.9E
10.320,PON.N22
66.961,PON.4J
66.809,PON.10Q
66.809,PON.4J
66.802,PON.4J
66.802,PON.8Q
66.806,PON.4J
10.272,PON.1A
10.272,PON.N22
10.272,PON.1A
10.272,PON.2A
10.135,PON.204
10.135,PON.868
10.135,PON.N23
10.972,PON.N23
10.988,PON.N23
14.151,PON.835
10.551,PON.7
10.551,PON.455
10.537,PON.829
10.537,PON.T52
10.580,PON.127
10.580,PON.129
10.580,PON.T52
20.713,PON.827
20.713,PON.9F
96.006,PON.76
96.006,PON.861
32.010,PON.9P
32.010,PON.N44
16.750,PON.T52
16.750,PON.T87
93.634,PON.876
93.634,PON.N68
66.485,PON.3J
84.187,PON.76
84.187,PON.826
93.833,PON.T52
84.423,PON.56
84.423,PON.57
84.367,PON.56
84.367,PON.57
84.367,PON.96
15.014,PON.N29
15.014,PON.T97
16.049,PON.145
16.049,PON.159
16.049,PON.833
14.181,PON.11
14.181,PON.833
14.181,PON.835
14.157,PON.5
14.157,PON.833
59.016,PON.866
20.287,PON.10C
20.287,PON.9C
20.296,PON.827
20.296,PON.N16
20.296,PON.N19
93.291,PON.125
66.510,PON.N28
66.610,PON.N28
66.424,PON.208
66.424,PON.827
66.436,PON.3J
66.309,PON.N16
66.309,PON.N28
66.034,PON.1J
66.034,PON.N28
64.117,PON.911
10.215,PON.N22
16.828,PON.159
16.828,PON.160
19.601,PON.11IA
15.444,PON.10E
15.444,PON.N73
20.825,PON.7ND
66.956,PON.1J
21.006,PON.863
TC.092,PON.9C
TC.031,PON.866
TC.031,PON.10E
TC.138,PON.866
TC.138,PON.15L
TC.033,PON.866
TC.033,PON.10E
TC.033,PON.T91
TC.104,PON.913
TC.104,PON.T91
TC.032,PON.866
TC.032,PON.10E
TC.058,PON.866
TC.045,PON.T97
84.374,PON.56
84.374,PON.57
84.379,PON.912
84.336,PON.57
84.336,PON.96
93.530,PON.N74
42.010,PON.82
42.010,PON.T18
10.574,PON.57
10.574,PON.4G
10.960,PON.N22
10.960,PON.N58
93.019,PON.N56
93.019,PON.N74
20.531,PON.127
20.531,PON.827
20.531,PON.T36
10.604,PON.204
10.604,PON.T72
66.446,PON.3J
66.446,PON.9C
20.710,PON.8Q
10.350,PON.827
10.350,PON.868
93.348,PON.897
20.227,PON.8C
20.227,PON.T34
20.227,PON.T35
47.084,PON.36
47.084,PON.82
47.084,PON.102
93.297,PON.131
93.297,PON.183
93.467,PON.125
93.467,PON.876
93.468,PON.872
93.477,PON.103
93.477,PON.876
93.477,PON.15L
93.481,PON.876
93.481,PON.N74
93.482,PON.876
93.482,PON.N74
93.558,PON.829
93.558,PON.T73
17.273,PON.2H
17.273,PON.N38
14.322,PON.833
20.298,PON.5T
20.298,PON.6T
20.298,PON.T35
10.982,PON.8Q
10.982,PON.N22
10.126,PON.N23
20.220,PON.10E
20.220,PON.11E
20.220,PON.4E
10.187,PON.60
10.187,PON.455
93.334,PON.123
12.550,PON.5ND
10.116,PON.75
10.116,PON.N23
93.426,PON.T89
93.HEA,PON.897
93.HEA,PON.15L
93.HEA,PON.T88
19.301,PON.11IA
19.029,PON.174
93.UDN,PON.15L
93.UDN,PON.103
93.UDN,PON.T88
19.013,PON.827
15.246,PON.7Q
15.246,PON.N26
20.942,PON.8C
10.385,PON.866
10.385,PON.N29
84.010,PON.57
84.010,PON.96
84.013,PON.96
84.013,PON.150
15.509,PON.11Q
15.509,PON.5C
93.471,PON.98
93.472,PON.98
93.472,PON.145
93.472,PON.157
93.787,PON.188
93.787,PON.853
93.235,PON.188
93.235,PON.853
14.869,PON.835
93.376,PON.861
93.376,PON.3L
93.376,PON.T88
15.166,PON.145
15.166,PON.T55
15.170,PON.10
15.170,PON.T55
15.162,PON.T55
93.465,PON.876
93.465,PON.897
TC.088,PON.9C
66.701,PON.4J
66.701,PON.8Q
93.851,PON.876
93.851,PON.T52
17.245,PON.827
17.245,PON.861
17.245,PON.2N
11.313,PON.868
11.313,PON.869
84.315,PON.876
84.315,PON.15L
12.501,PON.5ND
12.501,PON.7ND
93.059,PON.876
93.059,PON.N74
84.160,PON.3
84.160,PON.11
16.065,PON.N36
66.038,PON.1J
66.038,PON.2J
93.869,PON.119
93.869,PON.872
93.869,PON.876
59.066,PON.865
84.407,PON.3
84.407,PON.129
84.407,PON.913
16.736,PON.832
93.550,PON.832
93.550,PON.896
93.550,PON.T73
93.840,PON.103
93.840,PON.15L
93.840,PON.T125
19.705,PON.159
19.705,PON.11IA
19.705,PON.N35
93.310,PON.103
93.310,PON.15L
93.310,PON.T125
81.106,PON.8Q
12.016,PON.T35
20.288,PON.117
20.288,PON.9C
20.288,PON.T35
20.936,PON.12B
20.936,PON.T34
20.297,PON.N16
20.297,PON.N18
20.297,PON.N21
20.223,PON.10C
20.952,PON.10C
20.931,PON.8C
20.909,PON.8C
10.167,PON.15B
19.222,PON.138
19.222,PON.5IA
93.234,PON.11
93.234,PON.873
93.234,PON.876
16.585,PON.160
16.585,PON.897
TC.050,PON.1F
TC.074,PON.T91
10.111,PON.N23
10.048,PON.75
10.048,PON.204
10.048,PON.455
11.029,PON.47
11.029,PON.104
16.815,PON.N36
16.815,PON.T55
15.156,PON.5F
15.156,PON.7Q
10.221,PON.N21
10.222,PON.N21
10.517,PON.42
10.517,PON.11B
15.029,PON.T55
97.156,PON.N44
97.156,PON.N45
97.156,PON.T55
16.557,PON.21P
16.557,PON.T55
TC.100,PON.117
TC.100,PON.1C
15.163,PON.144
15.165,PON.8E
15.148,PON.8E
15.148,PON.T55
10.047,PON.455
10.047,PON.T55
15.249,PON.N29
15.066,PON.11Q
15.066,PON.7Q
97.150,PON.50
97.150,PON.N52
14.899,PON.833
14.899,PON.14L
16.596,PON.1C
16.596,PON.N36
16.596,PON.T55
16.608,PON.159
16.608,PON.T55
93.872,PON.T99
93.772,PON.876
15.022,PON.T55
93.00E,PON.876
93.00E,PON.125
93.210,PON.N74
93.210,PON.T55
93.444,PON.876
93.444,PON.T55
16.024,PON.21P
16.024,PON.N37
16.055,PON.T55
16.059,PON.T55
20.289,PON.117
20.289,PON.11B
20.289,PON.T55
15.639,PON.7Q
15.639,PON.N26
93.594,PON.829
10.049,PON.827
16.731,PON.856
16.731,PON.T55
15.028,PON.912
84.245,PON.827
84.245,PON.913
84.066,PON.912
84.217,PON.911
84.217,PON.913
84.103,PON.56
84.103,PON.57
84.042,PON.911
84.042,PON.913
84.044,PON.909
84.044,PON.910
84.044,PON.911
84.047,PON.910
84.047,PON.916
15.583,PON.11Q
15.583,PON.N28
66.707,PON.4J
93.947,PON.125
93.947,PON.N74
84.287,PON.95
84.287,PON.96
19.025,PON.N63
19.025,PON.T97
10.997,PON.82
10.997,PON.11IA
10.997,PON.2A
15.808,PON.N28
15.808,PON.T122
15.828,PON.103
15.828,PON.T52
15.828,PON.3Q
20.807,PON.195
20.807,PON.913
20.807,PON.12B
12.432,PON.5ND
77.007,PON.827
77.007,PON.912
77.007,PON.N20
77.009,PON.103
77.009,PON.5E
77.008,PON.195
77.008,PON.827
77.008,PON.912
19.510,PON.826
19.510,PON.N61
19.510,PON.T73
93.579,PON.59
93.579,PON.9F
93.579,PON.T73
93.676,PON.10
93.676,PON.98
93.676,PON.832
11.454,PON.N26
84.016,PON.144
84.016,PON.913
93.187,PON.912
93.187,PON.916
66.486,PON.208
66.804,PON.4J
17.225,PON.861
12.750,PON.15L
12.750,PON.N18
20.816,PON.6T
20.816,PON.T35
32.002,PON.104
32.003,PON.104
32.005,PON.876
32.004,PON.144
93.632,PON.11
93.632,PON.191
93.632,PON.N74
81.057,PON.102
81.057,PON.103
20.701,PON.8C
15.529,PON.11Q
15.529,PON.N26
15.535,PON.7Q
15.566,PON.11Q
15.978,PON.T53
12.987,PON.N27
10.935,PON.827
10.935,PON.868
10.935,PON.1A
10.971,PON.75
10.675,PON.N29
93.620,PON.125
93.620,PON.107
93.620,PON.82
93.193,PON.871
93.193,PON.872
93.193,PON.876
10.333,PON.N22
98.012,PON.N56
98.001,PON.N66
98.001,PON.T72
10.612,PON.3IA
10.612,PON.T72
15.821,PON.50
15.821,PON.4F
15.821,PON.T122
15.072,PON.117
15.072,PON.826
64.205,PON.1N
64.034,PON.14L
64.024,PON.833
64.024,PON.T73
64.206,PON.1N
64.033,PON.T73
64.037,PON.14L
10.352,PON.36
10.352,PON.866
10.352,PON.N23
10.410,PON.833
10.410,PON.866
10.417,PON.834
10.417,PON.859
64.058,PON.826
64.058,PON.827
64.058,PON.829
64.130,PON.826
64.130,PON.911
64.116,PON.11
64.116,PON.826
64.116,PON.1L
64.203,PON.1N
64.109,PON.861
64.110,PON.861
64.118,PON.833
64.114,PON.833
64.114,PON.834
64.114,PON.835
14.278,PON.11
14.278,PON.834
64.204,PON.T18
64.204,PON.T19
59.044,PON.865
59.044,PON.867
59.044,PON.869
64.026,PON.14L
64.014,PON.14L
64.015,PON.876
64.015,PON.14L
64.035,PON.14L
64.035,PON.T36
16.043,PON.160
16.043,PON.897
10.313,PON.912
10.313,PON.N19
10.336,PON.869
10.336,PON.N16
16.587,PON.21P
16.587,PON.T55
16.588,PON.17P
16.588,PON.21P
16.588,PON.N37
93.270,PON.125
93.270,PON.622
87.002,PON.T2
87.002,PON.T3
16.054,PON.N36
93.867,PON.103
93.867,PON.15L
93.867,PON.T125
93.677,PON.15L
93.677,PON.103
93.675,PON.15L
93.675,PON.103
93.543,PON.15L
93.543,PON.103
93.543,PON.16L
93.625,PON.15L
93.625,PON.36
93.637,PON.102
93.637,PON.N19
93.642,PON.102
93.642,PON.N74
16.841,PON.N40
64.125,PON.827
64.125,PON.829
64.128,PON.11
64.128,PON.826
64.128,PON.829
15.818,PON.4F
15.818,PON.T122
19.791,PON.138
19.791,PON.11IA
10.093,PON.T69
66.444,PON.208
21.009,PON.863
93.618,PON.143
93.618,PON.179
93.618,PON.191
10.760,PON.19
10.760,PON.208
10.770,PON.208
10.770,PON.T39
10.761,PON.208
10.761,PON.5C
10.929,PON.6Q
15.530,PON.11Q
15.506,PON.5C
66.958,PON.208
66.958,PON.3J
66.442,PON.208
66.419,PON.208
66.419,PON.3J
66.454,PON.3J
15.504,PON.5C
15.581,PON.11Q
15.037,PON.5C
15.574,PON.208
15.981,PON.208
10.097,PON.11Q
10.904,PON.6Q
10.916,PON.208
10.693,PON.11Q
10.693,PON.9Q
15.507,PON.5C
15.591,PON.5C
15.590,PON.5C
15.579,PON.5C
15.579,PON.6Q
15.592,PON.11Q
15.592,PON.5C
15.592,PON.3Q
19.800,PON.138
11.459,PON.4F
81.042,PON.10E
81.042,PON.8Q
11.606,PON.N8
93.595,PON.127
93.595,PON.T124
93.436,PON.16L
93.436,PON.T89
10.933,PON.6Q
10.072,PON.7Q
15.558,PON.5C
15.558,PON.T55
15.684,PON.N26
15.684,PON.N28
10.164,PON.14B
10.164,PON.2A
10.572,PON.7
10.572,PON.85
10.572,PON.869
10.578,PON.85
10.578,PON.101
10.578,PON.119
10.557,PON.101
10.557,PON.119
10.557,PON.455
15.229,PON.7Q
15.229,PON.N26
10.724,PON.4Q
66.044,PON.50
66.044,PON.1J
10.129,PON.75
10.129,PON.N23
20.290,PON.7Q
20.290,PON.8C
20.290,PON.N26
10.914,PON.N26
15.247,PON.7Q
15.247,PON.N26
15.611,PON.7Q
15.611,PON.N26
15.611,PON.T69
10.028,PON.622
19.207,PON.827
17.258,PON.827
17.258,PON.829
17.258,PON.2N
17.290,PON.826
17.278,PON.826
17.278,PON.827
17.280,PON.825
17.281,PON.827
17.281,PON.2N
17.277,PON.826
17.259,PON.829
17.259,PON.910
17.259,PON.915
10.318,PON.195
10.318,PON.N16
17.701,PON.827
17.701,PON.868
20.821,PON.633
20.821,PON.827
17.700,PON.828
17.700,PON.T124
59.043,PON.865
59.043,PON.867
59.043,PON.869
10.681,PON.869
10.681,PON.15B
10.674,PON.15B
TC.117,PON.866
17.271,PON.826
17.271,PON.866
17.261,PON.827
17.261,PON.829
81.281,PON.117
81.281,PON.195
81.281,PON.N16
15.531,PON.11Q
15.531,PON.3J
15.576,PON.11Q
10.275,PON.629
10.275,PON.3ND
10.275,PON.N17
10.275,PON.827
15.931,PON.827
15.931,PON.T69
15.546,PON.827
15.546,PON.855
15.546,PON.N29
10.740,PON.827
10.740,PON.10Q
10.740,PON.T53
10.740,PON.10Q
10.740,PON.826
10.740,PON.4Q
15.243,PON.7Q
15.243,PON.N27
15.243,PON.T97
12.010,PON.N26
15.676,PON.827
15.676,PON.7Q
14.277,PON.832
14.276,PON.832
14.276,PON.T73
93.00B,PON.897
93.00B,PON.896
93.00B,PON.876
17.274,PON.826
17.274,PON.827
17.274,PON.835
15.671,PON.6Q
15.671,PON.N26
TC.025,PON.866
TC.025,PON.N73
15.069,PON.N26
15.069,PON.T125